condition,delay_extra_sessions,universe,n,win_rate_pct,avg_return_pct,median_return_pct,p5_plus_pct,loss5_pct,profit_factor,avg_hold_sessions,paired_n,paired_mean_delta_pct,paired_median_delta_pct,paired_improved_pct,paired_unchanged_pct,paired_worse_pct,rescued_trades
topix_le_-1,1,frozen_all,5846,40.1,0.344,-0.917,15.43,20.99,1.178,7.66,5846,0.007,0.0,7.39,84.78,7.83,959
topix_le_-1,1,current_liquid,2074,41.03,0.495,-0.896,17.89,22.23,1.247,7.69,2074,-0.021,0.0,6.56,85.25,8.2,329
topix_le_-1,1,winner_liquid,241,42.32,1.446,-1.333,24.07,32.37,1.606,7.02,241,-0.005,0.0,4.15,88.38,7.47,32
topix_le_-1,1,individual_strong_liquid,191,44.5,1.739,-0.995,25.13,33.51,1.735,7.14,191,-0.004,0.0,4.19,87.43,8.38,27
topix_le_-1,3,frozen_all,5846,40.47,0.359,-0.919,16.01,22.84,1.181,7.89,5846,0.023,0.0,7.03,84.71,8.26,959
topix_le_-1,3,current_liquid,2074,41.56,0.547,-0.897,18.56,23.63,1.268,7.91,2074,0.031,0.0,6.65,85.1,8.24,329
topix_le_-1,3,winner_liquid,241,42.74,1.567,-0.995,24.48,33.2,1.662,7.17,241,0.116,0.0,5.81,87.97,6.22,32
topix_le_-1,3,individual_strong_liquid,191,44.5,1.817,-0.924,25.65,34.55,1.773,7.3,191,0.074,0.0,5.76,86.91,7.33,27
topix_le_-1,5,frozen_all,5846,40.87,0.376,-0.898,16.37,23.79,1.188,8.08,5846,0.04,0.0,7.03,84.59,8.38,959
topix_le_-1,5,current_liquid,2074,42.09,0.568,-0.875,19.05,24.54,1.276,8.08,2074,0.052,0.0,6.75,85.0,8.24,329
topix_le_-1,5,winner_liquid,241,43.15,1.573,-0.995,24.9,33.2,1.668,7.3,241,0.122,0.0,6.22,88.38,5.39,32
topix_le_-1,5,individual_strong_liquid,191,45.03,1.807,-0.711,25.65,34.55,1.773,7.45,191,0.064,0.0,6.28,87.43,6.28,27
topix_le_-1,10,frozen_all,5846,40.63,0.362,-0.94,16.66,24.72,1.178,8.33,5846,0.026,0.0,6.62,84.57,8.81,959
topix_le_-1,10,current_liquid,2074,41.56,0.561,-0.9,19.48,25.55,1.268,8.32,2074,0.045,0.0,6.36,85.0,8.63,329
topix_le_-1,10,winner_liquid,241,41.91,1.552,-0.995,24.9,33.61,1.654,7.46,241,0.101,0.0,5.39,88.38,6.22,32
topix_le_-1,10,individual_strong_liquid,191,43.98,1.819,-0.711,25.65,34.55,1.779,7.63,191,0.075,0.0,5.76,87.43,6.81,27
breadth_ge_70,1,frozen_all,5846,40.68,0.36,-0.873,15.4,21.59,1.186,7.73,5846,0.024,0.0,11.08,77.78,11.14,1403
breadth_ge_70,1,current_liquid,2074,41.66,0.514,-0.88,17.89,22.81,1.256,7.74,2074,-0.002,0.0,9.88,79.27,10.85,462
breadth_ge_70,1,winner_liquid,241,42.74,1.483,-1.075,23.65,34.02,1.624,7.06,241,0.032,0.0,6.22,82.16,11.62,47
breadth_ge_70,1,individual_strong_liquid,191,44.5,1.74,-0.924,25.13,34.55,1.74,7.17,191,-0.003,0.0,5.76,83.25,10.99,35
breadth_ge_70,3,frozen_all,5846,41.16,0.379,-0.878,16.25,24.41,1.189,8.07,5846,0.043,0.0,10.45,77.69,11.85,1403
breadth_ge_70,3,current_liquid,2074,42.24,0.576,-0.897,19.0,25.02,1.28,8.06,2074,0.06,0.0,10.03,79.03,10.95,462
breadth_ge_70,3,winner_liquid,241,43.57,1.685,-0.924,24.9,34.85,1.723,7.31,241,0.234,0.0,9.96,81.74,8.3,47
breadth_ge_70,3,individual_strong_liquid,191,45.03,1.898,-0.553,26.7,35.6,1.818,7.4,191,0.154,0.0,8.9,82.72,8.38,35
breadth_ge_70,5,frozen_all,5846,41.76,0.391,-0.874,16.64,25.8,1.192,8.34,5846,0.055,0.0,10.13,77.45,12.42,1403
breadth_ge_70,5,current_liquid,2074,42.96,0.602,-0.878,19.43,26.13,1.289,8.3,2074,0.085,0.0,9.5,78.93,11.57,462
breadth_ge_70,5,winner_liquid,241,44.81,1.669,-0.924,25.31,34.85,1.712,7.51,241,0.218,0.0,9.13,82.16,8.71,47
breadth_ge_70,5,individual_strong_liquid,191,46.6,1.88,-0.51,26.7,35.6,1.807,7.6,191,0.137,0.0,8.9,83.25,7.85,35
breadth_ge_70,10,frozen_all,5846,41.76,0.409,-0.878,17.28,27.15,1.196,8.73,5846,0.073,0.0,9.68,77.4,12.91,1403
breadth_ge_70,10,current_liquid,2074,42.91,0.63,-0.869,20.01,27.48,1.297,8.65,2074,0.114,0.0,9.35,78.98,11.67,462
breadth_ge_70,10,winner_liquid,241,43.57,1.749,-0.838,26.14,35.27,1.742,7.8,241,0.298,0.0,8.3,82.16,9.54,47
breadth_ge_70,10,individual_strong_liquid,191,46.07,1.971,-0.493,27.23,35.6,1.846,7.86,191,0.227,0.0,7.85,83.25,8.9,35
both_-1_70,1,frozen_all,5846,39.99,0.342,-0.92,15.4,20.97,1.177,7.65,5846,0.006,0.0,6.64,86.11,7.25,879
both_-1_70,1,current_liquid,2074,40.94,0.493,-0.898,17.94,22.18,1.245,7.67,2074,-0.023,0.0,5.69,86.69,7.62,298
both_-1_70,1,winner_liquid,241,42.32,1.45,-1.148,24.07,31.95,1.612,7.0,241,-0.001,0.0,3.32,90.04,6.64,28
both_-1_70,1,individual_strong_liquid,191,44.5,1.744,-0.995,25.13,32.98,1.744,7.13,191,0.001,0.0,3.14,89.53,7.33,23
both_-1_70,3,frozen_all,5846,40.37,0.347,-0.927,15.82,22.68,1.176,7.86,5846,0.011,0.0,6.28,86.08,7.65,879
both_-1_70,3,current_liquid,2074,41.42,0.532,-0.915,18.47,23.53,1.261,7.87,2074,0.016,0.0,5.83,86.6,7.57,298
both_-1_70,3,winner_liquid,241,43.15,1.578,-0.995,24.48,32.78,1.671,7.14,241,0.126,0.0,5.39,89.63,4.98,28
both_-1_70,3,individual_strong_liquid,191,45.03,1.83,-0.924,25.65,34.03,1.785,7.27,191,0.087,0.0,5.24,89.01,5.76,23
both_-1_70,5,frozen_all,5846,40.8,0.361,-0.904,16.11,23.55,1.181,8.02,5846,0.024,0.0,6.26,85.94,7.8,879
both_-1_70,5,current_liquid,2074,42.0,0.547,-0.897,18.76,24.35,1.266,8.02,2074,0.03,0.0,5.83,86.5,7.67,298
both_-1_70,5,winner_liquid,241,43.57,1.577,-0.995,24.9,32.78,1.672,7.26,241,0.126,0.0,5.81,90.04,4.15,28
both_-1_70,5,individual_strong_liquid,191,45.55,1.813,-0.711,25.65,34.03,1.779,7.4,191,0.069,0.0,5.76,89.53,4.71,23
both_-1_70,10,frozen_all,5846,40.54,0.347,-0.943,16.39,24.44,1.171,8.26,5846,0.011,0.0,5.9,85.92,8.18,879
both_-1_70,10,current_liquid,2074,41.51,0.537,-0.929,19.14,25.27,1.257,8.23,2074,0.021,0.0,5.54,86.5,7.96,298
both_-1_70,10,winner_liquid,241,42.32,1.553,-1.075,24.9,33.2,1.656,7.41,241,0.102,0.0,4.56,90.04,5.39,28
both_-1_70,10,individual_strong_liquid,191,44.5,1.82,-0.711,25.65,34.03,1.782,7.57,191,0.076,0.0,4.71,89.53,5.76,23
both_-1_80,1,frozen_all,5846,39.82,0.337,-0.934,15.33,20.87,1.174,7.63,5846,0.0,0.0,5.39,88.52,6.09,732
both_-1_80,1,current_liquid,2074,40.69,0.496,-0.913,17.98,22.13,1.247,7.65,2074,-0.021,0.0,4.48,89.15,6.36,245
both_-1_80,1,winner_liquid,241,42.32,1.441,-1.148,24.07,31.95,1.609,7.0,241,-0.01,0.0,2.9,90.87,6.22,26
both_-1_80,1,individual_strong_liquid,191,44.5,1.746,-0.995,25.13,32.98,1.745,7.12,191,0.002,0.0,3.14,90.05,6.81,22
both_-1_80,3,frozen_all,5846,40.2,0.35,-0.919,15.74,22.25,1.179,7.8,5846,0.014,0.0,5.2,88.45,6.35,732
both_-1_80,3,current_liquid,2074,41.32,0.538,-0.903,18.47,23.14,1.265,7.8,2074,0.022,0.0,4.73,89.05,6.22,245
both_-1_80,3,winner_liquid,241,43.15,1.542,-0.995,24.48,32.37,1.658,7.12,241,0.091,0.0,4.98,90.46,4.56,26
both_-1_80,3,individual_strong_liquid,191,45.03,1.842,-0.924,25.65,33.51,1.793,7.26,191,0.098,0.0,5.24,89.53,5.24,22
both_-1_80,5,frozen_all,5846,40.64,0.37,-0.898,16.08,22.94,1.187,7.93,5846,0.034,0.0,5.35,88.33,6.31,732
both_-1_80,5,current_liquid,2074,41.8,0.554,-0.896,18.76,23.77,1.272,7.93,2074,0.038,0.0,4.92,89.01,6.08,245
both_-1_80,5,winner_liquid,241,43.57,1.542,-0.995,24.9,32.37,1.66,7.24,241,0.091,0.0,5.39,90.87,3.73,26
both_-1_80,5,individual_strong_liquid,191,45.55,1.824,-0.711,25.65,33.51,1.788,7.39,191,0.081,0.0,5.76,90.05,4.19,22
both_-1_80,10,frozen_all,5846,40.42,0.355,-0.926,16.23,23.69,1.177,8.13,5846,0.019,0.0,4.91,88.32,6.77,732
both_-1_80,10,current_liquid,2074,41.37,0.54,-0.9,18.95,24.59,1.261,8.1,2074,0.024,0.0,4.48,89.01,6.51,245
both_-1_80,10,winner_liquid,241,42.32,1.517,-1.075,24.9,32.78,1.643,7.39,241,0.066,0.0,4.15,90.87,4.98,26
both_-1_80,10,individual_strong_liquid,191,44.5,1.831,-0.711,25.65,33.51,1.79,7.55,191,0.088,0.0,4.71,90.05,5.24,22
both_-1.5_70,1,frozen_all,5846,39.74,0.338,-0.946,15.22,20.48,1.176,7.59,5846,0.002,0.0,3.49,92.44,4.07,484
both_-1.5_70,1,current_liquid,2074,40.69,0.503,-0.922,17.79,21.7,1.252,7.62,2074,-0.014,0.0,3.09,92.57,4.34,168
both_-1.5_70,1,winner_liquid,241,41.91,1.44,-1.204,23.65,31.12,1.609,6.98,241,-0.011,0.0,2.49,92.95,4.56,20
both_-1.5_70,1,individual_strong_liquid,191,43.98,1.732,-1.075,24.61,31.94,1.74,7.1,191,-0.012,0.0,2.09,93.19,4.71,15
both_-1.5_70,3,frozen_all,5846,40.06,0.347,-0.932,15.48,21.43,1.179,7.7,5846,0.01,0.0,3.46,92.34,4.21,484
both_-1.5_70,3,current_liquid,2074,41.03,0.528,-0.9,18.03,22.32,1.264,7.72,2074,0.012,0.0,3.33,92.53,4.15,168
both_-1.5_70,3,winner_liquid,241,42.32,1.553,-1.075,24.07,31.54,1.663,7.08,241,0.102,0.0,4.15,92.53,3.32,20
both_-1.5_70,3,individual_strong_liquid,191,43.98,1.8,-0.945,25.13,32.46,1.775,7.19,191,0.056,0.0,3.66,92.67,3.66,15
both_-1.5_70,5,frozen_all,5846,40.32,0.371,-0.899,15.77,21.76,1.191,7.78,5846,0.034,0.0,3.59,92.32,4.09,484
both_-1.5_70,5,current_liquid,2074,41.51,0.549,-0.879,18.27,22.66,1.274,7.8,2074,0.033,0.0,3.52,92.53,3.95,168
both_-1.5_70,5,winner_liquid,241,42.74,1.553,-1.075,24.48,31.54,1.664,7.17,241,0.102,0.0,4.56,92.95,2.49,20
both_-1.5_70,5,individual_strong_liquid,191,44.5,1.781,-0.924,25.13,32.46,1.77,7.28,191,0.038,0.0,4.19,93.19,2.62,15
both_-1.5_70,10,frozen_all,5846,40.37,0.381,-0.904,15.96,22.2,1.195,7.91,5846,0.045,0.0,3.39,92.35,4.26,484
both_-1.5_70,10,current_liquid,2074,41.42,0.567,-0.875,18.61,23.05,1.282,7.91,2074,0.051,0.0,3.28,92.53,4.19,168
both_-1.5_70,10,winner_liquid,241,41.91,1.534,-1.092,24.48,31.95,1.651,7.28,241,0.083,0.0,3.32,92.95,3.73,20
both_-1.5_70,10,individual_strong_liquid,191,43.98,1.797,-0.924,25.13,32.46,1.776,7.4,191,0.053,0.0,3.14,93.19,3.66,15
