code,signal_date,ret10,atr14_pct,dd60_pct,ma25_slope5_pct,avg_turnover20,vol_ratio20,gc_gap_pct,ret5_prior_pct,ret10_prior_pct,ma5_slope1_pct,ma5_slope5_pct,candle_pct
1518,2019-02-08,-5.273698264352477,2.6455026455026442,-18.04635761589404,0.9832756632064621,100287625.0,3.2048481431893454,0.8394963022186896,9.513274336283196,6.299212598425208,1.8603980386501462,2.5853304284677137,7.297687861271673
167A,2026-05-28,-1.2631578947368438,2.4639211545230553,-17.652173913043477,0.31946540834422166,764184135.0,2.0625840581009593,1.0853528492338116,7.1671067521689835,1.0312944523470868,1.391941391941387,3.927310955921004,1.9741564967695524
1860,2020-04-30,2.698412698412689,3.151927437641724,-16.886543535620056,1.3348164627363657,362391810.0,1.0484453470882655,0.18079679731388687,1.9417475728155331,3.789126853377267,0.3882238757683565,1.1408083441981853,-0.7874015748031482
1879,2019-10-07,8.07692307692307,3.1807317521603236,-15.359477124183007,0.25233939648827697,50643925.0,0.8169463214638221,0.36706869428422273,2.9139072847682135,-3.83663366336634,0.5780346820809301,-2.0721412125863314,1.7015706806282616
1899,2024-09-24,-3.392857142857142,2.630221763795771,-16.060606060606062,1.0155872177374459,33347800.0,0.8239095315024233,0.3903660602489367,5.725190839694649,2.592592592592591,1.1127596439169052,3.571428571428581,-0.3597122302158251
1930,2022-01-05,-10.497237569060768,2.4855537720706264,-16.0377358490566,1.2779280812713845,16412154.4,0.9647188533627343,0.31180203887575253,2.3930050621260968,0.28169014084507005,0.46064578996320993,4.458158706765514,-2.94438386041439
1938,2021-11-15,-13.890634820867376,3.156358328772122,-15.35135135135135,0.2537739057635324,14851145.0,1.3374805598755832,0.6263048016701633,4.679144385026746,-1.1363636363636354,0.9159905783826305,-0.3231226573607304,-5.263157894736848
2002,2019-10-15,5.528846153846145,1.9348127600554783,-17.600000000000005,0.47906352101665384,1619390145.0,1.1475420010302433,0.07381104372805591,4.728012201321818,3.103103103103111,0.9356136820925398,1.754563894523331,0.9803921568627416
2060,2019-10-10,3.0864197530864113,2.7777777777777777,-16.06217616580311,0.49862877088007185,66525840.0,0.460415084168484,0.09923096005952647,2.5316455696202445,-2.9940119760479056,0.49813200498132204,-0.6157635467980316,-1.8181818181818188
2148,2018-03-23,-21.251475796930343,3.7459898093979995,-15.324384787472034,1.1179462912575433,29219255.0,10.404165633523432,0.4387247733255384,11.487481590574378,13.323353293413165,2.3241954707985624,-0.23242300987798004,0.0
2148,2022-03-01,-2.487562189054726,4.120712114633088,-19.005416051206304,0.45701300340865725,188264320.0,1.222279525528623,0.3619363595234404,4.710375556970092,2.110490378646812,0.9352881698685422,0.6680952981217736,0.9202453987730008
2157,2023-03-02,-0.9533898305084776,2.2154316271963332,-17.036379769299025,1.086764446015187,374875260.0,0.7359402460456942,0.49383795122803775,5.0561797752809,3.3149171270718147,0.9881422924901129,1.5680212014134165,-0.42598509052182987
2307,2024-09-24,1.7632241813602123,4.114189756507137,-18.9795918367347,0.6942296456679209,38711205.0,2.3774100500986792,0.139936516604644,2.5839793281653645,3.0276816608996615,0.5138746145940454,2.965432532023149,-0.9975062344139696
2326,2018-09-25,-6.003752345215762,2.65171858216971,-17.519379844961236,0.2558635394456221,536796675.0,0.9821812449242823,0.03480143845946415,5.138339920948609,5.765407554671964,1.0152284263959421,3.645833333333326,5.138339920948609
2327,2020-05-21,6.638418079096042,3.188054882970137,-15.714285714285714,1.2266035362876293,911210360.0,0.9252242672936666,0.578828894670691,7.3540561031084195,7.029478458049887,1.4298349056603765,1.8803671898134589,0.6039076376554098
2413,2024-03-25,-2.1423470602237593,2.5078688191694587,-15.815715995213397,0.9358224346803778,6132132452.5,0.7662655068961493,0.17664470543303779,5.078416728902169,0.9084389194358167,0.9817604312045924,3.0194422623723627,-1.0084427767354631
2492,2024-03-22,-7.469879518072286,4.634146341463414,-17.338709677419352,0.9491457688080684,624158690.0,0.5329929249307588,0.20783847980996306,4.591836734693877,5.128205128205132,0.8968609865470878,4.813664596273304,0.0
2579,2022-01-17,-1.753104455807164,2.1889400921658986,-15.958102279728891,0.5421579664632192,627963500.0,0.5758004122109398,0.09723900167957211,0.7385524372230501,1.4880952380952328,0.14740566037736436,0.3248670998227787,0.6642066420664117
2585,2024-04-26,9.82318271119842,3.845668894212585,-16.63545150501673,1.565153119319218,534157124.0,1.69598971013827,0.5998918227860361,5.950862875116902,-2.0589390962671983,1.1536496530810458,1.4697130009257986,0.20099694484643216
2593,2022-02-08,1.3782542113323082,2.6286601597160604,-16.795865633074936,0.425230333097093,761408150.0,1.4109650739057447,0.5004170141784892,4.207119741100329,0.940438871473348,0.8368200836819994,1.4244091939138892,2.38473767885532
2681,2024-04-12,0.05027652086475598,2.359566581123467,-19.807923169267706,0.29403054533145845,588092790.0,1.4249809472847854,0.8478687279859898,8.794788273615639,3.995848469122998,1.7232209339431925,3.4061418685121136,0.9571788413098137
2742,2019-03-05,1.2628624883068262,1.8627775936360624,-16.569879984514134,0.6114383714860949,72530570.0,0.23767082590612001,0.3761209516045305,3.0114722753346035,0.09289363678588458,0.5848496101002576,2.2362709945272785,-0.4158964879852123
2767,2021-06-28,11.752577319587632,3.021413904370783,-17.45762711864407,0.9161082364916417,50923435.0,1.0367719760817364,0.4034630579137666,5.183585313174954,-0.2049180327868827,1.014799154334045,-0.7890365448504966,1.2474012474012364
2809,2020-04-10,8.215158924205369,5.069458843043749,-15.390912812116254,0.3039151421250219,1532296580.0,0.3859797185921696,0.3247782002534949,8.219895287958124,-7.226211849192099,1.5739348370927386,-4.134733655028866,0.33980582524271163
2874,2026-08-20,0.5535055350553542,4.05112366933894,-17.180952380952384,0.5546394843351843,490843395.0,0.5334257014201593,0.560897435897445,4.720616570327563,4.9227799227799185,0.9163160355306177,3.2822966507177087,0.2767527675276771
2875,2024-08-01,-0.2597402597402598,3.1903365169269895,-15.531824006834682,0.34081297576993297,6270541155.0,2.65481472223958,0.6714598570306984,4.63541115461954,0.11138112596191796,0.9070388701360566,0.8589998344096683,-2.7826941986234033
2884,2025-09-03,3.0973451327433565,2.2914032869785084,-17.367458866544794,1.2590252707581184,122535600.0,0.673775875428951,0.38326128615358,4.629629629629628,-1.3100436681222738,0.8958566629339249,0.8281110116383106,-0.4405286343612369
2929,2022-11-11,1.6030534351145098,3.4399649430324275,-17.31135066582118,0.7278907201949458,384482050.0,1.2804777458840608,0.07003469900996873,6.972928630024611,1.1636927851047307,1.3705256368913288,-1.704190118824267,1.7160686427457161
3002,2018-09-19,-4.521739130434788,3.0964717493214904,-18.450704225352112,0.6799736784382615,441384950.0,0.9948042073248005,1.3798111837327598,9.867172675521818,0.17301038062282892,1.897810218978102,2.421129860601612,0.0
3036,2022-02-07,3.9230199851961522,2.7853977632411904,-18.088324258923173,0.4106345352636209,272003165.0,0.8681420684938199,0.2238805970149249,1.6516516516516422,4.073789392774785,0.328701628567174,3.149001536098317,0.5196733481811489
3038,2020-11-02,7.575233483223798,3.3918595371109332,-19.550561797752806,0.8224801812004578,7279567295.0,0.8094849371355365,0.5742688252060368,4.335154826958099,0.13986013986013734,0.8376152600830578,3.0647482014388494,-2.5850340136054473
3038,2024-06-05,-2.136143548846481,1.7199514366653175,-15.469348659003835,0.44719802487538374,2311467160.0,1.821912986166763,0.5773779158744219,4.4378698224851965,3.1862028646594487,0.8720930232558155,1.9029719252907418,-0.14144271570014633
3040,2024-09-25,19.926538108356297,2.9017857142857144,-18.318318318318315,0.7480731449297284,22716650.0,3.24184846352334,0.3900097502437472,5.222437137330749,1.1152416356877248,1.0188679245282994,3.498936787164131,0.0
3092,2021-01-06,10.15625,2.835473515248796,-16.172176697748895,0.4710884672298299,2915496960.0,1.6019674376614887,0.8370853025345459,8.404384896467732,5.113971890870439,1.6204790981681594,3.5563852192226797,-0.7028896574807542
3101,2026-05-08,7.8083989501312345,2.948669560294395,-17.984832069339106,1.1546437979933932,785838765.0,1.0697228403049968,0.7369645924530488,9.710144927536234,1.2032085561497263,1.8772765480526976,2.6683608640406753,2.297297297297307
3106,2025-11-13,8.789625360230557,2.73621643779463,-15.103532277710109,0.3193248560186879,359732900.0,0.6950716669939132,0.09662934121525968,0.7225433526011571,1.3081395348837122,0.14216661927779484,1.3816925734024155,-0.9943181818181768
3107,2020-10-23,-0.44709388971684305,2.1439184886436,-15.664160401002503,0.6956309494752455,632968250.0,1.402975691533948,0.2908738334747252,2.905198776758411,2.124430955993928,0.5773321178972779,0.6997261940979715,2.591463414634143
3110,2024-09-18,9.498207885304666,5.506493506493506,-17.910447761194025,1.5797101449275486,2321712100.0,0.970563882255529,0.4422884862320009,5.363984674329503,-3.169014084507038,1.0043041606886627,8.76786404016996,-2.4822695035460973
3132,2024-09-12,5.4330708661417315,3.3150058642920652,-18.323153803442537,1.5687797006456838,1407020490.0,1.0874187473422028,0.19282840620808983,4.229574317327089,-2.2491437918519708,0.8338437402619858,-2.5697198745769145,-1.0862256245797397
3153,2026-05-14,-10.257234726688102,2.840749414519906,-16.093535075653364,0.6602681007973787,115131480.0,1.2287581699346406,0.3279685784942643,2.7974384900572913,3.741496598639449,0.5500331345261733,2.791138811733629,-1.9292604501607746
3154,2024-09-19,6.4009661835748854,2.3119392684610074,-16.194331983805665,0.8454601352736235,12943300.0,1.2662829445622539,0.8841014176109052,9.523809523809534,6.70103092783505,1.8466273403436873,3.4114583333333393,1.346389228886169
3183,2025-05-26,1.610429447852768,3.0066572083378804,-16.25079974408189,1.0231372061201727,30745955.0,0.6309549015456278,0.10774203478527422,2.1060842433697324,0.3834355828220781,0.41685965724871377,2.183817753338557,-2.3862788963460058
3393,2019-02-06,-4.597701149425292,3.62420830401126,-18.691588785046733,0.7665174331841218,18382005.0,0.3150373497888925,0.8078088185796028,7.407407407407418,3.0456852791878264,1.4222824246528987,-0.033377837116166376,-1.296596434359809
3393,2023-02-13,33.52769679300292,3.785576126001658,-16.207455429497564,1.3489831682764741,184018295.0,5.579982324348211,0.22921023001447605,3.81526104417671,2.9880478087649376,0.7681423084697769,-1.5211378901619943,3.1936127744510934
3415,2018-03-30,-17.12744436952124,3.1207598371777476,-19.89130434782609,0.3335899409802279,392832750.0,0.6908612328050913,0.19892014776925482,7.044299201161941,3.0048916841369566,1.3946800862688846,-0.4657727593507355,1.6551724137930934
3445,2018-03-16,-7.7762619372442,7.4120361468948275,-15.855039637599088,2.156677939790419,1040128200.0,1.327024647887324,0.1031151633561267,3.1944444444444553,-8.38471023427867,0.6273867975995717,-1.4690170940170888,0.26990553306343035
3561,2024-02-06,12.408272181454304,3.5165569233705507,-18.597063621533437,0.5864291444220182,967472080.0,1.6818081604415487,1.2567719935098864,7.697841726618715,1.8367346938775508,1.4744384731982807,4.35029049171034,-3.481624758220503
3580,2019-02-12,4.645161290322575,2.3963133640553,-16.306695464362853,0.933403251179854,27235930.0,1.118134569462003,0.11429758935992407,1.7060367454068137,2.5132275132275117,0.338453527727145,2.66382525306339,3.3333333333333437
3660,2024-12-09,3.7694013303769314,3.1587301587301586,-19.49910554561717,0.3030024791111918,651542090.0,0.9752164403995203,0.7414866349322535,6.635071090047395,2.7397260273972712,1.288541187298664,2.562907735321529,2.7397260273972712
3663,2017-05-24,6.457242582897038,3.517252875479245,-17.99043062200957,1.5532553439088437,172039124.0,0.7348356288724891,0.6417138101154629,5.47692307692309,-1.7201834862385357,1.078199769822552,0.1139908807295642,3.4087481146304777
3663,2021-03-31,17.653846153846153,4.011532810290815,-16.347402597402606,1.0812150635053586,271328912.0,5.373039198328671,1.379975140153733,10.579399141630885,5.056065239551466,2.099122881716786,-0.6051813471502521,9.568360620880267
3678,2026-07-02,-1.1312217194570096,1.8182805036908378,-18.815545959284396,0.6756128552390939,64841670.0,1.5396952686447474,0.09235031553023187,2.3328149300155587,1.3086989992301845,0.4634636181059859,0.6812200030964499,-0.303030303030305
3762,2022-02-25,5.545826036193802,3.8423070511751964,-16.18581907090465,0.6082632947174593,397062655.0,1.9508235666772251,0.08278561035572896,7.595731324544874,12.026143790849675,1.5398320183252823,-0.63511830635119,4.9601959583588595
3765,2017-01-24,-0.7905138339920903,2.657142857142857,-19.614147909967848,0.2899484536082575,1509140595.0,0.3999462711421804,0.06424670735625249,1.6260162601626105,-0.7936507936507908,0.32206119162641045,0.646203554119551,0.40160642570281624
3835,2024-09-18,0.1602564102564097,2.8755463538072235,-15.39509536784741,1.424809237625757,40026780.0,0.5736224028906955,0.8322237017310163,6.5180102915952,-0.48076923076922906,1.2704781009695632,0.4643449419568846,0.8116883116883189
3836,2022-03-02,-1.475694444444442,4.325431301973439,-15.615835777126097,1.2493414615789789,140004225.0,0.6408459166099251,1.4829406080428154,13.96039603960395,8.380414312617713,2.650375939849625,4.9788542868127506,1.1423550087873435
3837,2026-05-12,-4.545454545454541,2.5345622119815667,-18.42105263157895,0.8443102573008954,146538080.0,2.409501089098641,0.6411784966748879,4.5178691840863205,1.4397905759162333,0.8897742363877859,1.9321078760230925,-2.146464646464652
3843,2018-09-20,-10.407239819004522,4.870723426482111,-19.91215226939971,1.4107818411096984,216520585.0,0.703134367730641,1.1502292686718096,12.435765673175748,1.0156971375807844,2.379547689282213,5.256773150020222,-0.9057971014492794
3854,2024-02-15,18.222891566265066,2.3882224645583423,-17.402269861286257,0.4653182777019538,132915375.0,1.4489571899012075,0.1976162539368831,1.393188854489158,-0.7575757575757569,0.27812113720642184,-0.7948639559767656,-1.0574018126888185
3863,2020-04-28,0.25510204081633514,2.1062864549578744,-17.26541554959785,1.3361202243623804,622047175.0,0.5589402356388499,0.14098848594032987,3.9757412398921943,-0.9627727856225898,0.7750919600630457,2.1166134185303553,-0.8354755784061751
3864,2025-07-28,3.4482758620689724,1.880284824210058,-16.62337662337663,0.780949942388931,122744635.0,0.5693506493506494,0.26041666666667407,3.548387096774186,-0.92592592592593,0.7017543859649145,0.12686330478908214,0.7849293563579218
3915,2019-07-04,24.371859296482402,2.8933092224231465,-17.493472584856395,0.5190496575342429,30732645.0,1.8683229813664597,1.0247537929198858,8.367626886145407,1.0230179028132946,1.6334181282634974,2.2219229733369206,1.8041237113401998
3922,2020-12-24,26.512968299711815,4.838039867109634,-15.061728395061724,0.5145691258524376,555491125.0,0.9370442030063998,0.3207302781718324,4.5592705167173175,12.602291325695592,0.9308098045299307,1.024844720496887,5.359877488514542
3963,2024-05-30,-11.383537653239928,4.097744360902256,-17.391304347826086,0.34944670937682165,58843325.0,1.4206581948517432,0.36999419616945417,9.826589595375722,5.555555555555558,1.8777614138438814,5.329272934906748,1.9677996422182487
3993,2026-07-31,5.075784279168127,3.798246962940181,-17.422222222222217,0.5866119547470738,809124700.0,1.0917837347927632,0.018673599839114097,2.2752293577981586,-6.098382749326148,0.44720138488170136,-1.4855687606112,0.7228044813877954
4022,2018-08-14,-6.848828956706887,3.8930868988052687,-18.306569343065693,0.5039638416773684,219032410.0,0.9699146834306241,0.6034482758620952,6.105422828972329,-2.099370188943317,1.1630426930578697,0.6830110000719092,-0.46246887228744704
4022,2024-09-19,1.645338208409508,3.2315454062665956,-18.60816944024206,0.6707914726782782,140548930.0,0.6547399483585393,0.0471597651139799,7.085987261146509,4.955130706203659,1.3718689788054128,4.988825031928501,1.165851823994002
4045,2018-04-02,2.991107518189162,2.1736649931538112,-15.633423180592986,0.5099077002517216,356638005.0,0.35155023890070797,0.17980991523247614,2.8759244042728005,-0.6349206349206327,0.5640612409347323,1.9607843137254832,0.0
4063,2018-04-16,1.4148790506617992,2.3124592302674496,-16.348357524828117,0.3941265971292962,13569512550.0,0.7921029206899167,0.07121206588027729,3.497164461247637,-0.2732240437158473,0.6797097455681023,2.3818419577806837,-1.4401440144014455
4082,2020-12-07,14.383561643835607,2.9778393351800556,-15.555555555555555,0.3444061770914164,44756800.0,1.4357478528601524,0.005535872453510393,3.5868005738880937,-1.3661202185792365,0.6967670011148286,0.5006954102920735,-2.43243243243243
4118,2019-10-15,1.836158192090398,2.4907369287772747,-15.365853658536588,1.553386501606946,1059690275.0,1.053347805660408,0.15823712125653255,2.5110782865583436,3.1203566121842385,0.49985298441634907,-0.029248318221697378,-1.2802275960170695
4180,2022-06-28,4.1816009557944955,6.25499920012798,-17.314814814814817,1.3437794416621296,543120475.0,1.167288352392405,0.8904980917898042,11.48564294631711,13.18124207858049,2.2817460317460236,6.3709053391797665,9.168704156479212
4183,2020-05-25,20.67796610169492,4.472630173564753,-17.290480065093572,0.5298495389095548,2303093390.0,0.856394913986537,0.4727419030376101,7.623080995235565,-4.688232536333803,1.4626714068054936,0.7971745711402578,1.649999999999996
4183,2024-09-19,-1.2057465366854814,2.9571984435797662,-15.05068312031732,2.5626879556911453,3766300035.0,0.8831192623201091,0.24680680511754982,4.3301759133964834,-0.695517774343124,0.8488513979521439,0.015784489108705557,0.6527415143603221
4194,2022-03-02,-17.410714285714292,6.343825665859565,-17.979610750695084,1.6781836130306038,1703458900.0,0.9237593838354294,0.6067961165048485,17.68617021276595,10.211706102117057,3.315054835493525,5.390287312484099,0.7972665148063829
4206,2019-01-08,-1.9021739130434812,3.8633709614636045,-17.620650953984285,0.5340453938584844,675724200.0,0.8279464921769875,0.26560424966799445,6.686046511627897,4.2613636363636465,1.285634432643934,4.709621496677263,-0.8108108108108136
4221,2018-04-02,-0.3454231433506094,2.93691080493111,-15.57142857142857,0.250556792873069,54004950.0,0.604133545310016,0.805331852263258,8.241758241758234,5.3475935828877,1.5739769150052485,3.1616341030195283,-0.3372681281618939
4228,2018-04-02,3.263598326359829,2.473435655253837,-19.65471447543161,0.31225337130700304,126492815.0,0.7437259571350064,1.200656769514974,6.701940035273379,2.023608768971341,1.3011470638589318,3.335661893119113,-0.16501650165016146
4246,2020-08-11,4.933586337760909,4.484425349087004,-17.901234567901238,0.6124161073825629,76242525.0,1.9520492987129698,2.6432085383140125,19.01565995525727,5.976095617529875,3.5759360538493823,5.123825789923142,4.313725490196085
4331,2018-12-04,2.3834196891191706,6.2283986175115205,-17.091516924362725,0.48063689682187327,394008605.0,0.5404178019981835,1.1041807147673666,8.891328210757399,-1.4895729890764597,1.7171931312274902,3.4720724606426723,-3.5488575595527427
4345,2020-04-28,15.081967213114744,4.011741682974559,-19.55922865013774,0.8503140799754894,25776265.0,2.113022113022113,1.29130269654385,13.618677042801552,9.363295880149813,2.695417789757415,1.36830102622576,8.148148148148149
4373,2024-09-25,-1.2120205877469648,2.8533478807428683,-15.025395033860045,0.7692410155313523,442026770.0,0.5798458149779736,0.23264575057997394,1.9120135363790203,-0.16575501408917503,0.37394930174072805,1.1674060238151318,-0.03319502074689007
4385,2021-01-04,10.103092783505163,2.9549102582810445,-15.893470790378005,0.8503401360544283,5201463525.0,1.5907649045798256,1.3801366823466665,9.263392857142861,9.630459126539748,1.8502006241640556,2.4439461883408065,6.7611777535441675
4410,2021-03-11,5.937499999999996,2.055712796067332,-15.803336259877089,0.5299304731219312,20754210.0,1.029011786038078,0.05060515329144977,3.900325027085594,2.786709539121124,0.7644935230409988,3.557398515931909,-0.10416666666667185
4461,2024-09-27,3.5825545171339623,3.055862221240892,-17.051282051282048,0.4645076872751064,193975375.0,1.0958015885881018,1.1656681427455018,8.375209380234505,12.287400208261023,1.6355904481517802,4.303746475090642,1.2519561815336422
4480,2024-09-26,4.86486486486486,5.032692688725975,-19.079685746352414,1.4858225300420358,1880926925.0,0.7167985530183134,0.968268782081183,16.855753646677464,7.93413173652695,3.0970815961882003,8.153701968134964,1.5492957746478853
4483,2022-06-24,16.387959866220726,4.92966286684453,-19.535519125683066,1.3098569651741165,1754002525.0,2.1350775511420355,2.014195281028197,15.264187866927603,14.147286821705428,3.0220844633862765,6.680040120361075,10.506566604127588
4547,2020-05-07,-6.185958254269453,2.6352021147703493,-16.72552166934189,0.3201143709597343,213495390.0,1.235071715777471,0.1502524861364929,-0.6891271056661541,1.885310290651998,-0.13900687311763082,1.2052907568286697,-0.2307692307692344
4552,2022-11-01,-5.326876513317192,4.097690578377273,-15.272727272727272,0.32840410789878316,1055316850.0,1.1093879756270824,0.7057443426928156,8.316115702479344,1.0602409638554189,1.5356734070965272,7.038712921065859,-5.964125560538114
4587,2018-06-11,-4.347826086956519,3.3402922755741122,-16.695652173913047,0.6540538167771448,4772714850.0,0.6312224658916684,0.0436109899694781,3.2327586206896575,2.4598930481283476,0.6581834137779685,-1.9867549668874163,2.2411953041622246
4612,2022-03-18,5.706267539756782,4.932765277592864,-17.840735068912707,2.4271642907609747,5546912580.0,3.106600220116306,0.385473726922303,14.63675213675213,12.473794549266248,2.8476408231137063,4.300168634064083,-3.766816143497753
4631,2019-07-17,1.392272885485557,1.6582072635884293,-15.35766423357664,0.591013205893165,965163550.0,1.1698224852071006,0.001405599910042632,1.898066783831287,-0.514756348661638,0.3809523809523929,-1.3313917204077264,1.1161492849668608
4668,2017-12-26,-5.964653902798234,1.7355982274741506,-15.109717868338556,0.9547693144393632,132004305.0,0.6490274744807273,0.18555651991740696,2.809415337889143,1.3473053892215647,0.5557224391709248,0.08969950665271842,0.3706449221645647
4686,2018-01-10,-4.4036697247706424,2.172362363011478,-15.593869731800769,0.4485706406838652,471094640.0,0.9155607751027598,0.36786910448580734,2.8478057889822495,0.273099681383715,0.5592738608233061,0.5684944067485764,-1.3434841021047972
4763,2024-09-25,-1.0060362173038184,2.0408163265306123,-18.39080459770115,0.621083873804551,68069945.0,0.8220064724919094,0.46703446768996404,4.484933426769455,3.112033195020736,0.8775538187302923,2.7083624179813137,0.40404040404040664
4826,2019-10-16,14.758380496299539,2.2255834053586865,-16.941852117731514,0.283468401099074,33695024.4,0.7212547857231073,0.05202462498916649,1.4467338886453351,-1.2798634812286713,0.2868068833652204,-0.12118064571970955,-0.47311827956989516
4911,2022-06-29,2.04231830726771,2.340103772846974,-15.02791563275434,0.7800640283768923,10918439495.0,1.7263081651430026,0.27665095746585155,5.385651086747445,7.62129247692005,1.052038324253246,5.590671744336695,2.33470302577512
4911,2025-06-05,1.4435146443514624,3.3290105809189776,-18.014208389715836,0.33973248201040196,7300988460.0,1.0994704943350682,0.24330279287785306,7.639351543415507,6.293859649122813,1.481290100331556,3.3006048917331388,0.14462809917354935
4914,2019-06-24,-2.4350649350649345,2.134646962233169,-15.650969529085867,0.43480011272596375,61652510.0,0.22549019607843138,0.16568458465278102,4.567307692307687,0.6611570247933907,0.8950201884253106,0.6917394224311701,1.331114808652245
4922,2019-07-18,-7.255864702673209,1.9178082191780823,-16.437728937728934,0.45873602636616884,4122510650.0,1.640069175368315,0.08423479340309292,2.413019079685741,1.388888888888884,0.4784688995215225,0.36678892964321363,0.05482456140351033
4980,2018-05-21,-4.220696669209256,3.702954269526508,-17.435679353604083,0.32009037845979194,791395267.5,0.6287194764671415,0.28778778778777436,3.8235294117647145,2.372791985235967,0.7489655894830527,3.175284273760992,-2.4371859296482334
5110,2022-01-12,-1.1627906976744207,1.871310507674144,-18.955123911587414,0.7560160653413694,1423827165.0,0.672191260264964,0.3249254681271685,3.154305200341012,1.680672268907557,0.6215353603225449,1.1824324324324342,1.17056856187292
5202,2020-08-12,-0.7109004739336511,4.507628294036061,-15.746421267893663,1.0627104377104235,475552815.0,0.8287965934986663,1.0411244143675225,10.160427807486627,4.040404040404044,1.9968470835522778,6.765676567656764,1.7283950617283939
5393,2026-09-01,-3.031194820482641,3.1789867109634553,-15.333497415702679,0.30981551894100345,2040523900.0,0.6858117521890753,0.10412279470259911,2.350490925319848,-2.300482817381422,0.4637783257015249,4.201424831029654,-0.9501871580765875
5408,2019-02-22,-5.2208835341365445,3.1394009216589867,-17.05685618729097,0.8362712142329976,38477525.0,0.7711693548387096,0.21139930075615432,7.3593073593073655,5.531914893617018,1.3986013986013957,6.295817162570061,-0.2012072434607659
5411,2025-06-16,-1.8026004728132428,1.4986491050320838,-15.7580283793876,0.46007151370679455,3848312120.0,1.1324840541415484,0.16491469520443225,0.9245451834178242,1.1356843992827326,0.18393259760294267,0.10671725855220249,-1.0236911377595748
5445,2019-02-22,-1.0160020320040597,2.819264069264069,-15.798426536253462,0.31439777975768024,19679794.5,0.4953745150701283,0.8636707025746926,5.12344040350412,0.25316455696202667,0.986354576583004,4.147999789174084,-0.6772009029345383
5451,2022-06-30,2.759234534935473,1.884039583861966,-16.685164631890505,0.32343953824982563,129086910.0,1.0269287384189107,0.33486516333585126,2.6903784769721772,1.3045434098065467,0.52645667886142,3.4147237011198817,-0.044385264092328125
5461,2024-09-20,6.655909640984259,2.6580086580086584,-18.852459016393443,0.5348046101511184,68438000.0,1.0806145347833593,0.20537683281989239,8.409986859395534,7.14285714285714,1.6392043029112902,5.16784452296819,0.32428050263477726
5480,2024-09-19,0.6472491909385036,2.60596546310832,-16.51376146788991,1.2261204996326436,392058800.0,1.2228306893242251,0.5307807467223036,5.937136204889404,2.941176470588225,1.1641177813284553,1.0948905109489093,1.6759776536312776
5541,2017-07-31,-8.389261744966447,1.6409266409266408,-18.681318681318682,1.0102407971215088,568505150.0,1.189186400454006,0.35621317988765444,4.225352112676051,0.0,0.8258774948382674,1.524601524601521,0.0
5541,2019-06-26,1.3458950201884257,2.516488442082346,-19.777058612010066,0.3491271820448949,411475875.0,1.0023463657694234,0.1306972976953258,6.3393708293612905,1.4552069122328426,1.237669830634669,3.196736862075511,2.1052631578947434
5702,2022-04-20,-18.256997455470735,3.063814358230602,-16.833773087071236,1.1125319693094715,657693750.0,0.7369223508912042,0.16441128114328407,2.6710097719869763,3.6842105263157787,0.5203706054067725,3.991596638655448,-1.6843418590143489
5706,2019-07-19,-9.668721109399081,2.984743411927878,-17.73162939297125,0.6796981948998804,2072281160.0,0.9977657392954428,0.38893895555660585,5.2739165985282055,2.6305300916699803,1.026252983293574,1.8037518037518074,2.8765481422293293
5707,2022-02-04,10.212588578574412,4.3291847793723575,-19.57760643647335,1.1269619692894306,1165179455.0,0.6648845586186254,0.6666217763113602,4.897245299519026,-3.3051189036678807,0.9453072248480687,3.290439588910954,-0.6625258799171863
5711,2021-07-28,4.680664916885391,2.112235970503687,-16.38624725676664,0.3676932183021675,1176759645.0,0.7607457472660997,0.13760320240179258,2.281879194630876,1.7809439002671512,0.4571531014700758,-0.5325286234135085,-0.39215686274509665
5711,2025-05-27,-1.784140969162995,1.8999146460974299,-15.501121914734483,0.4386990057354323,1777195995.0,0.5831424760274835,0.052807761845929946,2.938496583143513,-1.611147398214674,0.5803491092315927,0.9618858381502671,0.42222222222221273
5714,2026-05-07,4.365278474661305,3.1717825229198096,-16.754015215553675,0.8702275299929951,3536037905.0,1.4403774782356755,0.2181830317846467,2.15767634854771,-1.144348524392691,0.43480078598603367,-1.5813839157687748,2.3700623700623646
5852,2020-05-27,3.4031413612565453,3.8082607048124295,-18.043478260869563,0.7266629401900371,23921200.0,0.8943027918589695,0.11098779134295356,8.645533141210372,1.072386058981234,1.6910935738444266,4.277456647398847,1.8918918918918948
5901,2018-03-27,5.462724935732655,2.316480748470673,-16.15628299894404,0.26933236649919756,1512387320.0,1.166866257293551,0.31509892039878196,1.9255455712451797,1.4696485623003186,0.38769707934867004,-0.6141248720573311,2.9163966299416755
5902,2019-01-08,-3.302961275626426,3.7762634866553095,-18.885306310456006,1.098901098901095,41366060.0,0.8485099337748344,1.1216466234967637,7.247259439707676,-2.545655783065859,1.379550197078605,5.935796486977596,-1.1784511784511786
5911,2020-04-30,4.875463698993121,3.132766021537767,-16.90757774857643,1.6154844290657389,199663385.0,1.580968436826824,0.20856832740971942,4.002192982456143,4.633204633204624,0.78125,2.659980377193949,-0.73260073260073
5943,2020-04-30,-2.622673434856171,4.217800548075777,-15.563380281690142,1.8832060262592876,71050655.0,0.9212959241096551,1.5236318407960248,11.951447245564895,8.506787330316733,2.226474169420789,5.949161709031903,-1.0726072607260773
5957,2024-09-25,-3.716216216216217,2.3363348746653685,-16.500711237553347,0.6232091690544506,37712855.0,1.9733214099411283,1.1959849078094997,9.107806691449817,6.340579710144922,1.7537580529706664,6.320119670905022,2.086956521739136
5975,2026-05-14,4.261036468330137,2.390271176963936,-15.257048092868985,0.3906958342262845,224918715.0,1.9234097793163132,0.5451738973365261,7.038123167155419,8.584785380365489,1.3909587680079438,3.2111251580277944,3.735282176207866
5988,2019-02-14,-0.3824904377390581,2.788856659415035,-16.08093716719915,0.790865855613565,89907095.0,1.395582329317269,0.6008659538746963,6.151773686573869,7.650273224043724,1.2179943100995683,2.016129032258074,0.9393680614859123
6027,2023-11-29,-5.010893246187365,4.951560818083961,-18.365553602811946,1.5069124423963132,1748318650.0,0.7125157306140454,0.7400009079765901,9.29411764705883,8.02325581395349,1.8123422803395295,-0.5824372759856589,0.0
6036,2023-02-20,29.103448275862064,3.0655179322781008,-16.216216216216218,0.5707225229465873,680682975.0,1.496383363471971,0.3042181009770051,5.786350148367947,4.087591240875921,1.1504424778761013,-0.4644412191581959,0.5641748942172065
6070,2022-05-10,29.193433261955736,3.8615446178471386,-15.050565139797744,0.89181205061033,145580145.0,0.7008300611362394,0.1878349262471657,1.3484740951029028,-1.449275362318836,0.2626123013130588,3.836243916404225,-0.13986013986013734
6135,2024-09-25,5.423728813559325,2.6354679802955667,-19.444444444444443,0.5408097915035937,613298750.0,1.0960658737419946,0.29018331092078853,4.693140794223827,5.64663023679417,0.92592592592593,2.904865649963684,2.473498233215543
6143,2019-10-15,14.850299401197598,2.622836160167861,-17.641129032258064,1.1729447630858258,222714935.0,1.9933718798476943,0.995914198161385,7.077326343381385,5.829015544041449,1.3842604460394758,2.620653866113143,0.7398273736128225
6184,2020-09-17,-4.846686449060334,4.63821892393321,-19.078415521422798,1.7895204262877495,335059085.0,2.8971227489132683,1.055708240631681,15.722543352601148,4.816753926701578,3.024238381142985,4.112359550561795,1.0090817356205761
6184,2026-05-13,-2.748414376321351,1.7440097057931454,-18.08695652173913,0.2795899347623365,68534975.0,0.8474342150701015,0.1182832037850634,0.8565310492505418,0.0,0.16906170752324368,0.042211903756861346,0.21276595744681437
6191,2022-03-03,12.06896551724137,8.760786193672098,-19.241192411924125,2.6773452266021236,3055968665.0,0.8024983342742776,0.3218031571140978,10.90435429847414,-15.220483641536276,1.97200161529143,-3.9678012296380905,-1.3245033112582738
6200,2021-09-27,2.304147465437789,3.4990791896869244,-15.056707078607745,2.333046269474681,391886760.0,1.1352859891077574,0.25055466299439555,5.7448880233690325,-0.6404391582799596,1.138446695610229,-1.7341582302212277,2.6465028355387554
6237,2019-10-21,3.736479842674534,1.8086759926522538,-16.926869350862773,0.7942386831275794,22649840.0,0.9690677049534934,0.5389294900583819,5.093555093555091,5.753138075313813,1.0049220672682546,2.86131996658312,0.5970149253731405
6240,2022-04-19,-6.111111111111112,2.7410964385754304,-18.678815489749432,1.7560400707130386,142107845.0,1.1455465985057018,0.6485985638174707,9.174311926605494,0.5633802816901401,1.7564402810304358,3.3293697978596937,2.2922636103151817
6240,2024-09-19,11.612903225806459,4.3919974992185065,-16.757741347905288,0.7982583454281711,206691105.0,1.2780785932557766,0.2519798416126706,7.025761124121788,4.337899543378998,1.364877161055511,1.921317474839901,0.439560439560438
6258,2026-07-15,-8.267973856209155,4.343132751492881,-15.258855585831066,2.023466782552008,803223910.0,0.7613671040585902,0.7440832734339597,9.237794169301017,0.16103059581320522,1.7681860965442997,0.27159512453631685,1.3029315960912058
6272,2018-08-27,-7.576517812343198,4.4039210033155545,-15.371477369769426,0.9745363093367043,268161055.0,0.5770229177482756,0.2179327521793395,6.559139784946244,1.9547325102880597,1.2794965915049916,2.6575954076751396,-0.10080645161290036
6272,2019-10-18,2.986932171748591,2.170605084138919,-15.151515151515149,0.995524000617376,84968065.0,1.0712966383450313,0.16301164004992597,4.793171372291538,4.862023653088032,0.936858316221767,3.0394340364208183,-0.18761726078799779
6272,2020-04-30,5.655737704918029,3.084548104956268,-18.496340652029275,1.7516583747926973,84275895.0,1.7410091998884862,0.4380156870734453,5.060034305317318,6.614447345517838,1.007341642479087,0.16931933626820328,2.5104602510460206
6282,2019-07-29,-1.0276172125883054,2.059037900874636,-15.471698113207545,0.5074982871932754,65695550.0,0.6189555125725339,0.15400540281249597,1.0309278350515427,-1.2594458438287104,0.2020712301086247,1.9663282354453138,-0.9475679090334754
6294,2019-02-14,-3.3864541832669293,2.972668357283742,-15.687361419068734,0.9003389830508413,52637215.0,0.8003393665158371,0.12900798236892275,1.7391304347825987,3.610354223433232,0.350168350168345,1.1951650142604908,-1.8709677419354809
6298,2024-09-24,2.4646280237334617,3.7946428571428577,-17.8265723855601,1.671684980252608,246774565.0,1.895297699594046,0.16153535508933725,7.759882869692536,8.23529411764705,1.5500097484890007,3.8273696800558143,-1.7793594306049876
6310,2026-05-01,9.52112676056338,2.5244164873365333,-19.156908665105387,0.9962792519338182,196047450.0,1.0124756004413138,1.2748733609636798,9.102402022756007,-0.11574074074074403,1.7533179106294927,1.4568410829185474,2.3117960877296895
6323,2018-12-03,-18.782791185729263,3.837505621346123,-19.305673158340387,0.5287948809100662,116116160.0,0.613020873748739,0.7492375016576069,12.051734273956495,13.452380952380949,2.3002692998204566,6.1597578015835985,1.8162393162393098
6323,2022-03-23,1.3761467889908285,4.826604554865424,-17.427075542258784,0.2648181322532972,1597329650.0,0.7373622196883315,2.326575001942044,14.167528438469489,19.999999999999996,2.6695245518316257,7.684447169425712,1.0064043915827936
6324,2020-04-28,11.895161290322577,4.5875672444710105,-15.097690941385434,2.2958631145765684,1467301825.0,0.9091055678281762,0.3599407156468448,4.59518599562363,-3.14083080040527,0.8939974457215838,-1.6393442622950838,-1.0351966873705987
6330,2020-09-11,1.1695906432748648,4.148845166809239,-16.500000000000004,0.30750307503075724,49225815.0,1.1335607452112306,0.06131207847945852,5.031446540880502,4.374999999999996,0.990099009900991,2.1916092673763377,1.21212121212122
6330,2022-11-24,-8.92561983471074,2.369106846718787,-15.42776998597476,0.6276294916890857,66071655.0,0.6636074832333215,0.7196710075394019,5.789473684210522,1.1744966442952975,1.1355815554026094,2.013189864630327,-0.8223684210526327
6330,2024-09-24,7.531380753138084,3.1579996015142457,-19.34758155230596,0.9719774910475598,118599670.0,0.9213051823416507,0.6530060797117931,6.065088757396442,4.063860667634245,1.1598302687411577,5.830127256584805,-2.182810368349253
6331,2024-09-19,0.6951915914921836,2.638770179007813,-18.15862068965517,0.7229985561005625,120288363.0,0.9267179925862561,0.5157949177192478,6.430493273542615,6.593011766819368,1.2534965034964873,3.8869955156950686,0.8498342823149541
6349,2024-09-19,1.038062283737018,2.022150323544052,-18.291814946619223,1.3082231167337532,66982120.0,0.8579856721449641,0.16673761884491434,3.423423423423433,2.8673835125448077,0.6774826172223358,1.6378689704823701,0.43744531933507247
6351,2024-09-19,9.553349875930529,3.5444404462036707,-18.9795918367347,1.559507523939807,71989775.0,2.422037422037422,1.0237068965517349,12.305516265912297,7.008086253369261,2.375102375102367,2.796052631578938,2.187902187902191
6367,2024-09-25,4.100529100529093,2.8188504701243553,-19.314775160599574,0.38017696733170236,21418787450.0,1.5853155678471913,1.102694731197218,7.626392459297349,9.662398137369044,1.4973082099596136,5.632076572895994,0.34620505992011275
6371,2019-06-25,2.947145504279547,2.8189223057644104,-17.09090909090909,0.6873517942536767,271554811.5,0.5825001552505744,0.9488112246897717,6.711597865768049,-4.338340186288503,1.2815242452948405,0.11660777385160692,-0.4366812227074246
6376,2021-10-11,5.4247697031729825,2.102973168963017,-15.955631399317404,1.4538558786346245,275586880.0,0.6030964109781843,0.2907580477673921,3.4663865546218586,0.3054989816700715,0.6880733944954143,0.0829015544041356,1.129363449691989
6387,2021-04-28,-9.852941176470587,2.804621848739496,-16.152897657213316,1.1746374205921173,284799625.0,0.2998537298878596,0.16585712593293334,5.1004636785162205,-1.0189228529839833,0.9853687667960687,0.5649717514124353,1.1904761904761862
6395,2025-06-02,0.31023784901758056,1.862938338432573,-18.111298482293414,0.8639666330127804,253265295.0,1.1457689932056825,0.13373590850165318,1.632482210129771,-0.1644736842105199,0.3205786856273818,1.5370535992845102,-0.38974358974358525
6430,2024-09-19,0.14184397163119478,3.5508439687114035,-15.776699029126217,1.1513452246018074,281642675.0,0.6238487044086946,0.5543760320830371,7.763975155279512,0.8720930232558155,1.4880952380952328,1.9127316198445987,-0.7153075822603716
6440,2019-02-14,-2.1909233176838794,5.043306654972042,-19.06832298136646,1.4705374710897834,395903235.0,2.0845714285714285,1.5478822929069658,10.799319727891167,10.05067567567568,2.1735409892178703,1.2550881953866888,3.085443037974689
6459,2019-02-05,9.905254091300609,2.6439048440774067,-16.014492753623188,0.3171056898850555,32577500.0,0.8984175599795814,0.54240454039296,6.820276497695854,0.782608695652165,1.339608979000717,1.5418102666424849,-0.34393809114359186
6460,2021-07-08,1.5277777777777724,1.7978951471448061,-16.132723112128144,0.9358436395759728,1712497455.0,0.6178854796052207,0.14222027732953002,1.8763029881862403,0.8253094910591452,0.3700657894736725,0.3700657894736725,-0.5427408412483015
6516,2019-07-24,-7.038948850305015,3.0482958082341334,-16.040974840997357,0.9954053838892696,350159575.5,1.1428918442946499,0.3851167033109393,7.836333405624241,5.0492957746478995,1.5434339982629552,2.3933955491744596,0.22844856547739045
6517,2019-02-08,3.158650394831297,2.588895820336868,-18.408551068883604,1.3840127665748048,33233115.0,1.0994544691565253,0.13737049968518544,2.080237741456159,-4.384133611691022,0.4017216642754562,1.4791183294663446,-1.3639626704953334
6533,2017-05-23,3.718439173680177,3.221954425942155,-17.206349206349202,0.6309089090090536,29939732.0,0.9424989191526156,0.06400019883556762,1.3996889580093264,-4.188096987509182,0.2802167009153811,-1.9214957824537748,-0.9870918754745661
6533,2021-06-14,2.106693849813124,3.2549114722289594,-15.007215007215002,0.32825939417444605,191618350.0,0.7193578264896573,0.019327406262070745,1.2027491408934665,0.9598902982516311,0.2421307506053294,-0.6785934608266597,3.2970887407927085
6572,2021-06-29,1.187335092348274,3.0120481927710845,-15.688487584650112,0.8536652530704458,140480340.0,1.7195753360179906,0.043687199650488395,3.894297635605004,0.40322580645162365,0.7700770077007535,2.1181716833890585,2.328767123287667
6572,2024-10-21,-3.791469194312791,3.30188679245283,-17.50972762645915,0.3316426063207256,32515725.0,0.7163515016685206,0.7194244604316502,6.000000000000005,3.9215686274509887,1.1718749999999778,1.7681728880157177,-0.46948356807511304
6586,2020-04-30,1.4450867052023142,2.9322240259740258,-18.32946635730859,2.4620465299684646,2049744550.0,1.1622311337951148,1.3830426939266394,9.316770186335411,4.296296296296287,1.8115942028985588,1.4440433212996373,1.2949640287769792
6586,2025-05-29,-1.619797525309341,3.1159902417387446,-17.493138151875577,1.3536598952724077,4927476005.0,0.8088084335306037,0.507484015169557,4.6414481318171275,-0.6390480387836073,0.919793966151583,-1.3131858247886208,2.5938566552901055
6590,2019-02-06,-2.2240872849349613,3.007202881152462,-17.159763313609467,0.9953767595915153,58439520.0,0.7652596416641361,0.008540438978554832,4.984561093956774,3.0303030303030276,0.974389928429753,-1.5718248297890147,-0.8333333333333304
6590,2023-11-09,-4.679144385026735,4.224376731301939,-19.117235198566064,0.2639895676411763,2288211800.0,1.4226069402174744,0.5594647594878266,15.335463258785943,5.710102489019042,2.8310232969625426,7.8898514851485135,3.8848920863309377
6594,2020-04-30,-1.4801110083256241,3.7384664333439392,-15.596970836242551,1.676303860653583,10957156675.0,1.8832728259589437,2.6442834412919947,17.825679475164,6.941136440966322,3.430983476441307,2.4075727808537284,1.9626926196269157
6619,2018-11-01,9.622302158273378,5.9048483277158414,-17.638266068759346,0.46576433121019445,559066400.0,1.498864631944072,1.6166739311328504,12.219959266802437,8.89328063241106,2.3956877620283423,3.8259109311740813,-1.9572953736654797
6619,2022-02-01,12.485939257592804,6.46762121705174,-15.41425818882466,2.4229920353133094,2453331140.0,0.5062267271972076,0.03747599194265927,6.295399515738498,-7.3839662447257375,1.2325195543967826,-3.5238310368195136,0.0
6619,2022-04-15,1.5200868621064068,5.018674136321195,-15.77981651376147,0.506012024048097,2189391030.0,2.9893805343460538,2.213249588754307,16.05562579013906,7.36842105263158,3.195772521389051,-1.8899521531100416,8.127208480565361
6644,2020-04-30,-3.689320388349515,4.022988505747127,-18.437499999999996,1.6676020203639785,65380195.0,0.5606834998855748,1.4509896695844127,13.232104121475064,9.894736842105267,2.428343949044587,6.498344370860942,-0.5714285714285672
6652,2019-06-24,5.926670015067814,3.4348950847944817,-15.940803382663848,0.3627718226722143,200487565.0,0.9886895475819033,0.32061754615257954,2.001026167265274,-2.0206998521439146,0.3985285101164804,-2.063397129186606,3.703703703703698
6653,2020-05-25,-1.151631477927062,3.896103896103896,-16.284779050736496,0.6137061029662494,70979000.0,0.796738185950137,2.3381904439172985,17.3165137614679,10.475161987041037,3.2258064516129004,9.843146169583994,0.09784735812132794
6702,2022-03-15,8.709677419354843,3.688860159448395,-18.188548864758147,1.1697361871577883,10895141100.0,1.031690403400194,0.959409594095928,9.33377308707124,-2.41389461289373,1.754168474555251,3.4209034209034206,0.06036824630244464
6707,2017-06-23,18.47826086956521,2.5146559703795126,-16.425992779783392,0.2575107296137302,542310350.0,0.5224171539961013,0.1712328767123239,1.758241758241752,-6.275303643724694,0.34305317324185847,0.34305317324185847,-1.698513800424628
6727,2019-03-06,-6.066945606694563,2.4455711303310466,-15.221238938053094,0.5542291950886735,388538410.0,0.5119352989105833,0.22894937674891036,2.7896995708154515,1.2684989429175397,0.5529561888558021,1.6774193548387162,0.41928721174004924
6727,2019-07-23,0.0,2.6235158942933743,-17.47787610619469,1.1517387901151643,258855680.0,0.8579443731761986,0.04421843908910539,2.4725274725274637,-1.0610079575596787,0.49972237645752315,-2.2150189086979966,1.3586956521739024
6727,2024-09-26,-1.980198019801982,2.8734460974118603,-16.64684898929846,0.587177950868778,366619865.0,1.3443035206647715,0.07147962830593713,10.393700787401583,7.3506891271056585,2.0036429872495543,6.4638783269961975,3.088235294117636
6741,2018-12-03,-9.589041095890416,1.7997198879551823,-15.4228855721393,0.3323589476634803,141189845.0,0.8293392977597899,0.13569604086844933,4.081632653061229,6.029106029106024,0.8035355564483648,3.399958788378332,0.49261083743843415
6754,2017-09-19,4.772727272727262,2.6032460228185763,-16.993464052287578,0.37216752249493723,764375585.0,2.031147843288461,0.8636064958227774,6.467065868263466,3.132250580046403,1.2723845428840752,2.7246653919694053,2.655889145496526
6788,2017-03-15,-4.893350062735258,1.8237082066869303,-17.628865979381448,0.3981287946650758,189235325.0,0.45018135267761894,0.05452562704471031,0.5031446540880502,0.8838383838383868,0.09918175055789735,-0.3701875616979322,-0.7453416149068359
6794,2020-08-17,3.7070524412296635,3.7194337194337193,-15.845337376800606,0.526508226691047,83954760.0,1.585318235064428,0.05819451516695384,6.017191977077374,10.447761194029859,1.1583011583011782,4.72021317091742,1.185050136736554
6806,2020-04-28,4.195205479452047,2.9437609841827768,-18.77230549607424,1.2453620366628781,1212093000.0,0.7974626189397372,0.6349782293178619,9.633911368015413,2.246181491464516,1.8358729575913335,2.475521891742094,-1.300954032957502
6857,2018-11-26,-9.407906093561191,4.761489817258378,-15.306273062730636,0.4011810538075755,14576975670.0,0.5667489187623043,0.7290673140842419,6.062846580406656,-6.623270951993499,1.190432983704115,-2.1238503124341834,1.4677276746242196
6857,2024-06-14,18.287079580959386,3.275582024905252,-18.74175098988121,1.18697221995685,53351056200.0,1.3510380234170993,0.0241790126170649,4.70521541950113,4.291360813099954,0.9203814593036208,2.3542642924086365,-1.4407684098185713
6859,2019-10-18,2.0576131687242816,2.3772379466607236,-15.916047223436813,0.5758034590859662,186687205.0,0.7673642705489839,0.6339984309069013,3.94594594594595,4.624591947769319,0.7750291963053435,2.1413967502421194,0.891920251836309
6859,2024-09-25,1.604891096675587,2.3088863019014356,-19.089481946624808,0.34914500073077726,146119835.0,1.396723526431346,0.8107583260510642,9.010152284263961,6.840796019900508,1.7393434590887047,4.285594709969032,0.4678362573099504
6908,2024-09-27,-0.07843137254901489,2.05124047348792,-17.919254658385096,0.3426728482160968,424663605.0,0.7406517495119387,0.10971350866890717,5.466879489225862,6.443817962142573,1.0686427457098358,3.947051744885677,-0.6390977443609058
6920,2025-09-10,20.29474976972674,2.8562585665649736,-17.34458940905602,1.2524668825054652,107792081275.0,0.6359238066127565,0.5885500267522659,7.7359119706568835,1.9564531397917362,1.4910025706940777,2.3062969681264534,0.27932960893854997
6923,2019-07-25,-6.5241029358463205,1.9564547601930782,-16.330827067669173,1.2604144413586926,1398370090.0,1.283629229075944,1.0247136829415249,9.743589743589753,4.311961004874387,1.8767570853278626,2.358958699137337,0.5421033610408355
6925,2020-05-20,13.912375096079943,4.200341491178144,-15.145368492224476,1.774838396293399,1455493120.0,3.6884048706594297,1.0720317203906315,15.881809787626967,11.953612845673511,3.2245969253843265,-3.0121543068522105,8.283002588438304
6947,2024-09-19,2.3415977961432466,2.876984126984127,-16.570104287369634,1.09082285985298,143965500.0,2.1807372175980975,0.3694581280788256,10.939907550077033,8.108108108108114,2.1181384248210033,3.3826638477801207,0.9817671809256634
6958,2019-07-03,-9.31297709923664,3.538154392191659,-18.891687657430733,0.4452806522420971,163004650.0,0.6100764555969418,0.5869130869130768,7.333333333333325,0.31152647975076775,1.3845185651353065,4.91696515792901,-0.7704160246533087
6958,2022-03-18,-4.487179487179482,4.889663182346109,-16.326530612244895,0.7185548317775847,302761565.0,0.8578376319618739,0.813441792238967,8.657243816254411,2.329450915141429,1.6470588235294015,10.204081632653072,-0.9661835748792313
6976,2020-04-28,-1.1589403973509937,3.9844509232264333,-17.183098591549296,1.8050071592832007,9371433730.0,1.5023210854803872,0.13638494651153632,4.589114194236932,-0.20366598778004397,0.9235395189003404,-2.327998337144044,-0.1697792869269965
6981,2019-07-26,-5.925279111831849,2.3853525886421845,-18.643812960457073,0.6773397475165588,22213790343.0,0.6301537409419099,0.29156401494079276,5.662956453817625,-0.6973756652596808,1.0889155902673364,3.95531128930533,-0.5330882352941213
7095,2023-06-07,23.253082795067527,3.8332635106828654,-15.844027640671277,1.4601026938894757,877113950.0,0.904821240295217,0.07675149305639284,5.769230769230771,0.1762632197414904,1.1269995152690226,1.8303843807199405,-1.4450867052023142
7186,2017-05-26,2.8037383177569986,2.7652370203160297,-15.377268385864372,0.7980280388229843,2187381126.5,0.9192980851066391,0.04126673595405972,1.6832440703902218,0.8537279453614044,0.33724227791831485,0.137688365333144,0.8728652751423205
7201,2026-05-15,5.333333333333323,3.443809523809524,-19.146183699870633,0.812487357561853,10894854744.0,1.8948594555549236,0.591913854797177,8.47555684119179,6.8376068376068355,1.650239369191775,2.1565630837153904,0.4823151125401992
7211,2019-06-28,-4.206500956022941,2.1594684385382057,-19.751166407465004,1.0288065843621297,2069672105.0,0.8152032100041848,0.07049976500077548,2.5844930417495027,2.3809523809523725,0.5114083398898517,2.0775069916100675,-0.7692307692307665
7220,2019-07-01,-4.005524861878451,2.9658922392486406,-19.632925472747498,0.7361385118223929,300130160.0,0.9452462772050401,0.6986057116132205,7.195845697329384,7.116382505559682,1.4279405270131162,2.346999405822925,2.1201413427561766
7231,2019-10-11,11.242603550295849,2.3964285714285714,-16.001679966400673,1.2993193056503927,140147635.0,0.8206281177545142,0.26347501072281343,4.602510460251041,3.5196687370600444,0.9044193216855012,1.5410073430551119,1.522842639593902
7238,2025-06-02,0.990099009900991,2.6610644257703084,-15.702479338842979,0.7205764611689425,77446430.0,0.7046011083902565,0.556438791732905,3.0303030303030276,5.154639175257736,0.5964214711729809,4.329896907216502,0.0
7239,2019-07-24,-11.65730337078652,2.1573731104214637,-18.17660550458715,1.3425980449888186,93270025.0,0.6780415430267063,0.33410807669960185,5.7037037037037,3.932993445010924,1.1273792093704271,1.2756598240469375,0.4222378606615118
7241,2020-05-25,12.145748987854255,4.291593180482069,-18.999999999999993,0.9481080165918865,146685355.0,0.5433818456585302,0.5870020964360512,7.048458149779746,-3.9525691699604737,1.351922264469807,3.094112591319309,1.2499999999999956
7246,2020-05-27,9.818181818181815,3.3333333333333335,-17.177914110429448,0.7167291089754002,87471145.0,1.0651896037494675,1.3262170467410739,13.924050632911399,8.43373493975903,2.704918032786874,4.76588628762542,3.4482758620689724
7259,2026-04-30,-4.0597859018380085,3.275065300381756,-15.256257449344456,0.27597187209766894,6539188847.5,2.995237977570133,0.9729462718427673,9.072978303747536,9.601409381193559,1.841637010676167,-1.1186455318965227,3.687499999999999
7272,2021-09-02,11.729258581728175,2.810304449648711,-16.54296700348744,0.6278755783926782,7960112947.5,0.6513893622961517,0.4259587328053538,7.066651370884469,3.9656900969143205,1.3496636795863326,5.520450760772877,-1.7268611140360157
7278,2019-07-24,-15.35144458818456,2.0975790057290706,-15.764620414093711,0.6217653824036828,244689470.0,1.6872011769032733,0.35896703218201154,4.318488529014841,2.747009304386361,0.8615274163151776,0.5457147969225362,0.3027681660899617
7327,2020-04-28,-6.644770085901975,3.5686635944700438,-17.60578354241974,1.7808383103249614,145478595.0,0.6279936136242682,0.14429243266353975,9.866742273887152,4.3911637931034475,1.8922298950573513,6.604846967800659,0.31063939943050123
7419,2025-12-16,2.751504729148757,2.1704475781729,-15.149308084486524,0.6242109692804032,723633330.0,1.1088364121119787,0.4739666829302269,3.5555555555555562,1.304347826086949,0.6985679357317531,2.0530973451327483,0.7785467128027745
7466,2020-12-08,-0.07745933384972759,3.0533509700176364,-15.294117647058824,0.7012185620344669,72021355.0,0.2022890604205483,0.05570685813320875,3.8461538461538547,3.349282296650724,0.7478965409785099,1.1735252699108134,1.2499999999999956
7476,2021-12-14,0.8742434431741719,2.46901719665674,-17.890668139149646,0.5802019759708843,490982000.0,1.1796087729697688,0.4326412886724196,2.8354080221300038,5.836298932384332,0.558507015392995,3.8694245110454384,-1.5231788079470232
7545,2021-02-09,-9.15584415584415,2.239082161361954,-16.495402920497572,0.6672815059946879,1197900095.0,1.0624716678305828,1.1263203276568268,7.7459874389392835,8.809020436927417,1.5010141987829684,5.465786145847962,1.3788575180564644
7554,2018-02-02,3.0203185063152116,2.008326266286331,-18.22594880847308,0.34138598360478056,146142545.0,0.6751269035532995,0.11701989338188667,1.645639056500281,2.149944873208387,0.32573289902280145,1.784534038334451,0.0
7600,2018-01-26,3.4115138592750505,1.650725084850355,-16.35049683830172,0.7616212903790442,97863215.0,0.7582625118035883,0.5212858384014085,3.2329988851727887,0.9814612868048078,0.6305718634485924,1.9607843137255054,-1.698513800424628
7715,2020-04-30,20.74263764404609,3.5216367915987687,-19.159836065573764,1.0265982267848806,38441500.0,1.0599636583888552,0.12830382345394575,6.765899864682012,3.1372549019607954,1.2980269989615767,2.5762355415352323,-2.3514851485148536
7721,2017-12-27,0.6437768240343367,1.6588879870129871,-16.09058402860548,0.4464932881041328,216956575.0,1.5059048834982445,0.34637032760860276,1.6606498194945862,3.453343130051434,0.3318903318903166,1.8903868698710413,2.549162418062645
7733,2020-05-21,16.20437956204379,3.4689695550351285,-19.052132701421797,0.9396234212989407,7641292847.5,0.6569724159655393,0.800818882466281,6.4174454828660465,3.2024169184289963,1.2458421530087582,1.2397194000967504,0.08789920890712732
7734,2019-02-07,11.294352823588216,2.9169598874032374,-17.176662586699308,0.8946896483012834,42521645.0,0.48861480075901326,0.16984634830350398,2.3701462430660625,2.628918099089983,0.46548479746457705,2.3612512613521597,-0.7334963325183352
7745,2019-07-25,-10.847880299251866,2.7357494722026745,-18.71871871871872,0.7009701833697424,134451010.0,0.8410882579574418,0.45397225725094525,9.581646423751678,0.8695652173912993,1.8149284253578868,2.9997414016033064,-0.6119951040391647
7868,2024-04-15,4.748201438848931,3.5869340500310107,-15.83434835566383,1.0083725478213124,424677660.0,0.8801635360820766,1.373426911907072,8.477237048665609,7.131782945736442,1.6378525932666088,3.7782595230721805,2.6745913818722045
7874,2026-07-01,2.896995708154515,1.9619865113427344,-19.516407599309147,0.3357753357753346,89932665.0,0.8023099927812726,0.30857490547178124,2.756339581036382,-0.6396588486140775,0.544543672402531,-1.7454235845040467,-0.21413276231263545
7956,2021-04-15,-8.937198067632846,2.710843373493976,-17.495029821073558,0.33714453239519493,1929913325.0,1.4583846409182897,0.14609203798392478,2.4691358024691468,-1.1904761904761862,0.4886391399951062,0.19488428745433328,1.8404907975460016
7981,2020-05-01,-0.9646302250803873,2.8178662769455607,-17.029177718832887,0.40650406504065817,91285540.0,0.86941431670282,0.08298337817789214,-0.949968334388851,-1.6352201257861632,-0.18808777429467627,2.6434558349452075,-0.761421319796951
7995,2026-08-31,-6.736526946107779,3.566153196876978,-17.1358629130967,0.6546939756141512,586524400.0,0.8693105266240994,0.399809046425581,3.2012195121951192,-2.8694404591104727,0.6279904306220052,2.842298288508549,3.0441400304414
8043,2019-02-12,-2.6813186813186785,3.0376696402147707,-15.260188087774296,1.0704750390408524,80653038.0,1.1871708951651507,1.4217359882373604,11.554968636513706,5.052075237058906,2.197250298198261,5.420282346846261,3.0497102775236318
8050,2020-05-26,8.04851157662625,3.948609146628949,-16.41379310344827,0.46480900360994504,402777225.0,1.6968557758031442,0.3757632691404389,9.189189189189184,-2.2054868208714384,1.822513400833814,2.9631414117080146,4.844290657439454
8065,2019-02-04,2.1739130434782705,2.620593692022264,-15.462031107044826,0.5578862804605844,12380890.0,1.1319367879456081,0.017753317651236777,2.6666666666666616,0.5440696409140466,0.5353557885344529,-0.529684396380492,2.4390243902439046
8074,2020-04-30,-0.10309278350515427,3.0510798765855327,-18.405594405594407,1.644925810203035,133629250.0,0.7659022068368672,0.2756909504445515,1.9217330538085164,2.4947294448348645,0.3794673658065406,-0.5672498633132794,-1.2859560067681852
8081,2024-09-25,5.321354526606781,2.3990522262809755,-17.21967963386728,0.6147140182737765,113017770.0,1.793881041363147,0.19717292898997485,3.2097004279600494,2.8429282160625347,0.6275275414865389,3.2922988834812372,0.5559416261292638
8150,2018-07-31,-7.208588957055218,1.8067442030575669,-18.692756036636137,0.2707524399202521,64922680.0,0.9810544867087678,0.5463222673420809,4.160000000000008,1.6129032258064502,0.8185538881309684,1.222210515224953,1.6129032258064502
8167,2018-08-30,-6.967741935483874,2.858043028175353,-16.1648177496038,0.8854041656665812,41131765.0,3.899834284662125,0.24055618705225434,5.941255006675572,8.698630136986306,1.1874583055370147,2.8478437754271724,8.032675289312463
8203,2020-12-17,-9.3491124260355,2.6880811496196113,-15.415415415415412,0.5563689604685118,137526000.0,0.8586815897945062,0.8542030673655665,5.624999999999991,3.1746031746031855,1.0946241790318556,2.769535113748778,1.8072289156626509
8219,2023-01-30,-0.6695681285570854,2.231992696170295,-15.129888666856983,0.288271469360879,212568052.5,0.9756397637795275,0.35861917928219356,3.2291666666666607,8.227156898434673,0.6382540662960734,4.243975261249711,0.2022244691607833
8303,2022-07-11,-0.24950099800399306,2.3704327091661406,-15.582262743472853,0.41348985437088537,1304441210.0,0.8492614289958634,0.19484563003435706,1.849999999999996,-0.4398826979472137,0.3722708521984197,-1.907571288102261,1.3937282229965264
8360,2021-06-07,-2.530120481927711,1.6892471274223977,-19.51690821256039,0.3031615417929734,32968050.0,0.8735167886897248,0.07676069852236012,2.3341523341523285,-1.1862396204033177,0.45750060197446984,2.0298361457569136,-0.7151370679380209
8381,2023-05-08,5.452127659574457,1.6761904761904762,-15.158371040723983,0.5258964143426414,219448135.0,1.484298034877893,0.005284295075025369,0.1335113484646211,-2.5974025974025983,0.026427061310796418,-1.2265135699373708,-0.26595744680850686
8418,2021-02-04,8.225806451612904,1.643899050706182,-18.169761273209552,0.4392094230385224,269835805.0,0.8670161790405322,0.04637911614655543,2.491694352159479,1.8151815181518094,0.4991680532445919,-0.1322751322751281,1.4802631578947345
8570,2020-10-02,7.317073170731714,2.758919543550484,-16.820857863751048,0.7480664384430069,1076631220.0,2.1671627670351348,0.5327628156724495,6.573275862068972,-0.10101010101010166,1.289095519864758,0.08352474420547651,2.169421487603307
8609,2024-09-24,-1.834862385321101,2.656794425087108,-18.509316770186334,0.7108118219229409,287094705.0,1.4172575640465548,0.6376919266963821,3.633491311216419,2.340093603744142,0.7125154894671581,3.568015291494131,-2.235469448584204
8614,2023-12-12,-5.245901639344264,3.1437817845584832,-16.935483870967737,0.3616878767582099,57341210.0,1.9927725987221117,0.04004271222637357,6.5517241379310365,-0.3225806451612856,1.2837837837837984,0.33467202141901353,0.32467532467532756
8628,2019-06-10,-2.3121387283236983,1.6616105901820186,-15.081967213114755,0.5558817772558289,888146430.0,0.7859388895024092,0.3425857437614255,2.777777777777768,-1.3333333333333308,0.5461283401599237,0.0776548243059505,-0.7662835249042099
8698,2019-06-17,5.965909090909083,2.938775510204082,-17.061611374407583,0.8397312859884876,1220070545.0,1.5389774330237753,0.8803235783963803,7.361963190184051,10.410094637223978,1.4354066985645897,4.691358024691361,-0.2849002849002802
8715,2025-04-16,15.869980879541101,4.599567099567099,-19.512195121951216,0.27805669267013666,289036965.0,0.5127977721411214,0.24647616113377957,9.771309771309777,0.0,1.8388106416275418,6.680327868852465,0.7633587786259444
8725,2020-04-28,-7.0529205718072525,2.2452961672473855,-18.888976814117274,1.8675119063461532,3898568389.5,0.7852229753006615,0.15913985305293643,3.7764503391717996,1.990049751243772,0.742598897051483,1.7841697676757473,0.09765625
8795,2024-09-19,4.209284028324145,3.360838920405708,-18.208661417322837,1.2946104345769927,4818938127.5,1.1224690142980343,0.306802170958842,8.935984269171948,4.484492875104773,1.729094444914181,3.894477785933259,0.040128410914919144
8804,2023-02-24,1.7177914110429349,1.6446208112874778,-16.49484536082474,0.6650083760596948,1324725045.0,1.8509357688276689,0.17650025214321907,2.208201892744488,2.208201892744488,0.44242194412842384,0.5950120268388481,2.857142857142847
8923,2020-10-02,11.064278187565858,3.228754188242461,-18.998272884283253,0.6737927879216343,205477440.0,1.6456115448308493,0.2891964470150832,1.5151515151515138,-5.917753259779335,0.2891964470150832,0.9775374376039814,-4.480651731160901
9008,2023-12-27,5.865986552283786,1.820244672454616,-15.288611544461773,0.9714119293894541,4884732155.0,0.41003981609802237,0.035356401834829576,1.9000703729767698,-2.118071203244709,0.37811595555974353,-1.3714338134115933,1.2115563839701693
9022,2020-12-07,-5.024424284717377,3.3391608391608396,-16.520723876240517,0.932749884845685,14394831450.0,0.48759505186445035,0.5347974900171026,7.518796992481214,-0.3831417624521105,1.438952442621777,0.04967357365881497,-1.3112491373360902
9107,2018-08-21,2.997275204359684,3.5714285714285707,-15.209857527916826,0.751177218028265,1386011106.0,0.43963736917637997,0.4766497273637871,9.063893016344714,5.2078356426182415,1.7179872324446066,3.6148034809218688,0.6398537477148025
9201,2022-01-26,13.836772983114454,2.562550443906376,-19.23954372623574,0.30085241517634476,9455304290.0,0.7071410889954434,0.020366975874397397,0.42553191489360653,-3.1905195989061053,0.08337193144976052,0.8871043047903537,-0.9790209790209836
9216,2026-08-12,4.308252427184467,1.6210124826629682,-17.517517517517522,0.7546226886556928,47452825.0,0.8089734874235214,0.29264421407666497,3.647798742138364,2.360248447204971,0.7222914072229081,0.3598461347561699,0.5491153142159755
9267,2024-12-17,-1.5923566878980888,2.4888392857142856,-16.33986928104575,0.5192640553881578,146792875.0,1.3702466874932673,0.15943877551021224,3.5598705501618033,3.392568659127626,0.705354280218029,1.2246213341927215,0.0
9274,2024-09-24,2.0378457059679667,2.2693997071742316,-17.71084337349398,0.810150711860369,112017620.0,0.8952340708098155,0.011818235537441879,4.274809160305337,1.6369047619047672,0.834078045874298,2.3276904474002436,-1.0144927536231862
9302,2021-12-07,-2.215930075095407,2.18876920360233,-15.729166666666671,0.6840469031563101,202843584.0,1.008071540560943,0.0770662110295861,6.447368421052624,1.8891687657430767,1.2568291994767389,1.4989458528307686,0.33486295423539314
9404,2019-10-18,1.1355571327182457,1.8299464159336771,-15.540944411237302,0.5393835616438469,817129295.0,0.668497774257153,0.4286241448806294,2.539912917271403,2.9133284777858703,0.4970884817497412,2.7144723472202203,-1.1196641007697683
9416,2021-06-01,15.174363807728565,3.6862003780718333,-16.88923802042419,0.2919883204671958,366870300.0,1.3213352843838464,0.0039881949429609875,5.800000000000005,6.331658291457276,1.1700625378253005,1.1496571198063688,5.168986083499005
9416,2025-02-26,0.9442060085836923,3.7264437689969605,-18.34607366226546,0.3014553014553112,1199268360.0,0.7517602938925455,0.39036860469132684,3.7069726390114743,-2.0016680567139233,0.7279029462738285,1.3956734124214831,0.5993150684931559
9438,2020-05-07,2.397260273972601,3.830944142362827,-18.36158192090396,1.5534262485482175,37172490.0,1.1096793754263625,0.03573981415294636,4.710144927536231,1.403508771929829,0.9376126938333895,0.6110711718188222,-1.0273972602739767
9470,2018-05-02,3.258655804480659,2.32536443148688,-18.6046511627907,0.961231849516575,72337974.0,0.4410751206064783,0.12470817310668014,1.3401720714758536,1.9728627320402925,0.26411033943070095,1.7975965835733465,-0.6085192697768749
9629,2022-01-14,-8.338296605122098,3.7578016643550627,-17.600000000000005,1.6333757262911197,59347090.0,1.5697112063009535,0.1570320934340952,4.834605597964381,-1.2582384661473989,0.9396636993076246,-0.1101186834699619,-0.181708055723806
9629,2024-09-24,1.9417475728155331,3.5473437930085323,-16.7935871743487,0.963199809346027,44248390.0,1.082320568676909,0.48585703607537667,5.756495160468678,2.5691699604743157,1.1183689627870308,3.704831506293149,-2.075471698113207
9629,2026-07-02,5.270863836017559,2.612987012987013,-19.87179487179487,1.4548214681046279,77635590.0,1.9444906099385075,1.2656254870787809,9.736632083000796,8.267716535433077,1.9137254901960832,3.0615482233502744,3.9304610733182255
9672,2022-06-27,3.9897039897039965,2.2493573264781492,-16.523605150214593,1.1127835716589596,518024325.0,0.8223876240513719,1.1218033919931925,8.05555555555555,2.09973753280841,1.5483182060864964,2.5889967637540368,0.2577319587628857
9692,2026-04-07,-1.7023346303501996,2.533532041728763,-18.170731707317078,0.376176823440888,281403645.0,0.3519932145886344,0.76168868000972,4.462895692786706,3.8699690402476783,0.8720340701683149,2.8855103940428117,1.003512293025599
9699,2019-02-15,0.1474926253687281,2.9815529815529818,-19.759036144578314,0.37390943082675765,302949900.0,0.9323308270676691,0.047303689687794304,1.6793893129771087,-2.346041055718473,0.3261191817373277,-0.49985298441634907,-0.7451564828613977
9739,2020-09-10,7.852314092563706,2.798925212718316,-17.854077253218883,0.45885910939618135,61937025.0,0.8779878144039994,0.010380982040913977,0.6309148264984188,-2.0470829068577223,0.12471419663271366,0.3019260801665702,-0.8290155440414559
9740,2026-07-06,2.4193548387096753,1.869871660004208,-16.941896024464832,0.5439599058765898,53113315.0,0.7686622320768662,0.4984650922464251,5.804440981690684,6.259780907668233,1.139405062323151,3.4331743176663654,0.8166295471417895
9755,2020-04-28,1.6380655226209129,3.3523050654524758,-16.277518345563713,1.4975041597337757,72475075.0,0.6562922868741543,0.42622950819672933,6.627017841971106,0.0,1.2896825396825573,1.727000996346728,0.40000000000000036
9766,2022-08-22,-3.8666666666666627,2.942857142857143,-16.481069042316253,0.3167615161602022,4255647550.0,0.9062039045553145,0.42815092320043213,3.878116343490312,4.166666666666674,0.7516778523489975,6.5587734241908,0.536193029490617
9842,2020-04-28,9.313725490196067,3.2972511038313628,-19.112903225806456,2.160493827160481,54494820.0,1.1016949152542372,0.4221330132847756,6.362672322375396,1.415571284125372,1.2518255789693233,1.548441096463704,2.871794871794875
9956,2019-07-25,-19.780701754385966,2.092791840288575,-15.3023598820059,0.4504028994686715,261451885.0,0.5066736916051985,0.036781448138145656,3.004484304932742,-1.4163090128755385,0.5899964776329814,-1.0824385174922013,0.1307759372275452
9983,2021-04-30,-6.447778883832111,2.1935467227458405,-18.110617881681524,0.5037851037851038,56961430131.0,0.8275764838573241,0.0004184589533551275,2.1521318061168415,-0.10022282875593591,0.4270222383692346,0.9126616824441269,0.21213136729221205
