code,signal_date,entry_date,exit_date,return_pct,hold_sessions,exit_reason,variant
1518,2019-02-08,2019-02-12,2019-02-19,3.8050734312416568,5,fixed5,fixed5
2593,2022-02-08,2022-02-09,2022-02-17,3.369065849923425,5,fixed5,fixed5
3101,2026-05-08,2026-05-11,2026-05-18,6.627296587926512,5,fixed5,fixed5
3107,2020-10-23,2020-10-26,2020-11-02,-2.8315946348733245,5,fixed5,fixed5
3393,2023-02-13,2023-02-14,2023-02-21,1.3605442176870763,5,fixed5,fixed5
3660,2024-12-09,2024-12-10,2024-12-17,-1.7738359201773801,5,fixed5,fixed5
3663,2021-03-31,2021-04-01,2021-04-08,3.5576923076923173,5,fixed5,fixed5
3922,2020-12-24,2020-12-25,2021-01-05,7.636887608069154,5,fixed5,fixed5
4180,2022-06-28,2022-06-29,2022-07-06,10.035842293906816,5,fixed5,fixed5
4246,2020-08-11,2020-08-12,2020-08-19,-0.9487666034155628,5,fixed5,fixed5
4345,2020-04-28,2020-04-30,2020-05-12,14.098360655737707,5,fixed5,fixed5
4385,2021-01-04,2021-01-05,2021-01-13,13.4020618556701,5,fixed5,fixed5
4483,2022-06-24,2022-06-27,2022-07-04,-0.5016722408026753,5,fixed5,fixed5
4911,2022-06-29,2022-06-30,2022-07-07,1.2143514259429722,5,fixed5,fixed5
5706,2019-07-19,2019-07-22,2019-07-29,-4.23728813559322,5,fixed5,fixed5
5714,2026-05-07,2026-05-08,2026-05-15,19.26743602609131,5,fixed5,fixed5
5901,2018-03-27,2018-03-28,2018-04-04,-0.25706940874036244,5,fixed5,fixed5
5975,2026-05-14,2026-05-15,2026-05-22,0.9213051823416585,5,fixed5,fixed5
6135,2024-09-25,2024-09-26,2024-10-03,5.423728813559325,5,fixed5,fixed5
6200,2021-09-27,2021-09-28,2021-10-05,-5.852534562211986,5,fixed5,fixed5
6240,2022-04-19,2022-04-20,2022-04-27,-3.3333333333333326,5,fixed5,fixed5
6272,2020-04-30,2020-05-01,2020-05-13,6.229508196721301,5,fixed5,fixed5
6310,2026-05-01,2026-05-07,2026-05-14,5.01408450704226,5,fixed5,fixed5
6351,2024-09-19,2024-09-20,2024-09-30,0.8684863523573227,5,fixed5,fixed5
6440,2019-02-14,2019-02-15,2019-02-22,2.2691705790297334,5,fixed5,fixed5
6590,2023-11-09,2023-11-10,2023-11-17,0.13368983957218195,5,fixed5,fixed5
6619,2022-04-15,2022-04-18,2022-04-25,4.017372421281218,5,fixed5,fixed5
6652,2019-06-24,2019-06-25,2019-07-02,5.675539929683571,5,fixed5,fixed5
6754,2017-09-19,2017-09-20,2017-09-27,-2.2727272727272707,5,fixed5,fixed5
6925,2020-05-20,2020-05-21,2020-05-28,-4.534973097617212,5,fixed5,fixed5
7246,2020-05-27,2020-05-28,2020-06-04,3.6363636363636376,5,fixed5,fixed5
7259,2026-04-30,2026-05-01,2026-05-13,-6.281559280953342,5,fixed5,fixed5
7721,2017-12-27,2017-12-28,2018-01-10,0.5722460658083017,5,fixed5,fixed5
7868,2024-04-15,2024-04-16,2024-04-23,1.726618705035965,5,fixed5,fixed5
8043,2019-02-12,2019-02-13,2019-02-20,-1.46520146520146,5,fixed5,fixed5
8050,2020-05-26,2020-05-27,2020-06-03,4.299889746416752,5,fixed5,fixed5
8167,2018-08-30,2018-08-31,2018-09-07,-2.3870967741935534,5,fixed5,fixed5
8570,2020-10-02,2020-10-05,2020-10-12,9.170731707317081,5,fixed5,fixed5
8804,2023-02-24,2023-02-27,2023-03-06,2.4539877300613577,5,fixed5,fixed5
9629,2026-07-02,2026-07-03,2026-07-10,1.2445095168374776,5,fixed5,fixed5
9842,2020-04-28,2020-04-30,2020-05-12,8.137254901960777,5,fixed5,fixed5
1518,2019-02-08,2019-02-12,2019-02-26,-5.273698264352477,10,fixed10,fixed10
2593,2022-02-08,2022-02-09,2022-02-25,1.3782542113323082,10,fixed10,fixed10
3101,2026-05-08,2026-05-11,2026-05-25,7.8083989501312345,10,fixed10,fixed10
3107,2020-10-23,2020-10-26,2020-11-10,-0.44709388971684305,10,fixed10,fixed10
3393,2023-02-13,2023-02-14,2023-03-01,33.52769679300292,10,fixed10,fixed10
3660,2024-12-09,2024-12-10,2024-12-24,3.7694013303769314,10,fixed10,fixed10
3663,2021-03-31,2021-04-01,2021-04-15,17.653846153846153,10,fixed10,fixed10
3922,2020-12-24,2020-12-25,2021-01-13,26.512968299711815,10,fixed10,fixed10
4180,2022-06-28,2022-06-29,2022-07-13,4.1816009557944955,10,fixed10,fixed10
4246,2020-08-11,2020-08-12,2020-08-26,4.933586337760909,10,fixed10,fixed10
4345,2020-04-28,2020-04-30,2020-05-19,15.081967213114744,10,fixed10,fixed10
4385,2021-01-04,2021-01-05,2021-01-20,10.103092783505163,10,fixed10,fixed10
4483,2022-06-24,2022-06-27,2022-07-11,16.387959866220726,10,fixed10,fixed10
4911,2022-06-29,2022-06-30,2022-07-14,2.04231830726771,10,fixed10,fixed10
5706,2019-07-19,2019-07-22,2019-08-05,-9.668721109399081,10,fixed10,fixed10
5714,2026-05-07,2026-05-08,2026-05-22,4.365278474661305,10,fixed10,fixed10
5901,2018-03-27,2018-03-28,2018-04-11,5.462724935732655,10,fixed10,fixed10
5975,2026-05-14,2026-05-15,2026-05-29,4.261036468330137,10,fixed10,fixed10
6135,2024-09-25,2024-09-26,2024-10-10,5.423728813559325,10,fixed10,fixed10
6200,2021-09-27,2021-09-28,2021-10-12,2.304147465437789,10,fixed10,fixed10
6240,2022-04-19,2022-04-20,2022-05-10,-6.111111111111112,10,fixed10,fixed10
6272,2020-04-30,2020-05-01,2020-05-20,5.655737704918029,10,fixed10,fixed10
6310,2026-05-01,2026-05-07,2026-05-21,9.52112676056338,10,fixed10,fixed10
6351,2024-09-19,2024-09-20,2024-10-07,9.553349875930529,10,fixed10,fixed10
6440,2019-02-14,2019-02-15,2019-03-01,-2.1909233176838794,10,fixed10,fixed10
6590,2023-11-09,2023-11-10,2023-11-27,-4.679144385026735,10,fixed10,fixed10
6619,2022-04-15,2022-04-18,2022-05-06,1.5200868621064068,10,fixed10,fixed10
6652,2019-06-24,2019-06-25,2019-07-09,5.926670015067814,10,fixed10,fixed10
6754,2017-09-19,2017-09-20,2017-10-04,4.772727272727262,10,fixed10,fixed10
6925,2020-05-20,2020-05-21,2020-06-04,13.912375096079943,10,fixed10,fixed10
7246,2020-05-27,2020-05-28,2020-06-11,9.818181818181815,10,fixed10,fixed10
7259,2026-04-30,2026-05-01,2026-05-20,-4.0597859018380085,10,fixed10,fixed10
7721,2017-12-27,2017-12-28,2018-01-17,0.6437768240343367,10,fixed10,fixed10
7868,2024-04-15,2024-04-16,2024-05-01,4.748201438848931,10,fixed10,fixed10
8043,2019-02-12,2019-02-13,2019-02-27,-2.6813186813186785,10,fixed10,fixed10
8050,2020-05-26,2020-05-27,2020-06-10,8.04851157662625,10,fixed10,fixed10
8167,2018-08-30,2018-08-31,2018-09-14,-6.967741935483874,10,fixed10,fixed10
8570,2020-10-02,2020-10-05,2020-10-19,7.317073170731714,10,fixed10,fixed10
8804,2023-02-24,2023-02-27,2023-03-13,1.7177914110429349,10,fixed10,fixed10
9629,2026-07-02,2026-07-03,2026-07-17,5.270863836017559,10,fixed10,fixed10
9842,2020-04-28,2020-04-30,2020-05-19,9.313725490196067,10,fixed10,fixed10
1518,2019-02-08,2019-02-12,2019-03-05,-4.472630173564762,15,fixed15,fixed15
2593,2022-02-08,2022-02-09,2022-03-04,1.8376722817764257,15,fixed15,fixed15
3101,2026-05-08,2026-05-11,2026-06-01,20.99737532808399,15,fixed15,fixed15
3107,2020-10-23,2020-10-26,2020-11-17,-4.769001490312963,15,fixed15,fixed15
3393,2023-02-13,2023-02-14,2023-03-08,40.2332361516035,15,fixed15,fixed15
3660,2024-12-09,2024-12-10,2025-01-06,-1.9955654101995512,15,fixed15,fixed15
3663,2021-03-31,2021-04-01,2021-04-22,26.788461538461526,15,fixed15,fixed15
3922,2020-12-24,2020-12-25,2021-01-20,27.52161383285303,15,fixed15,fixed15
4180,2022-06-28,2022-06-29,2022-07-21,9.55794504181602,15,fixed15,fixed15
4246,2020-08-11,2020-08-12,2020-09-02,9.108159392789371,15,fixed15,fixed15
4345,2020-04-28,2020-04-30,2020-05-26,14.590163934426226,15,fixed15,fixed15
4385,2021-01-04,2021-01-05,2021-01-27,9.484536082474238,15,fixed15,fixed15
4483,2022-06-24,2022-06-27,2022-07-19,4.849498327759205,15,fixed15,fixed15
4911,2022-06-29,2022-06-30,2022-07-22,3.3302667893284177,15,fixed15,fixed15
5706,2019-07-19,2019-07-22,2019-08-13,-15.562403697996919,15,fixed15,fixed15
5714,2026-05-07,2026-05-08,2026-05-29,6.723532363271456,15,fixed15,fixed15
5901,2018-03-27,2018-03-28,2018-04-18,2.8920308483290524,15,fixed15,fixed15
5975,2026-05-14,2026-05-15,2026-06-05,2.8406909788867507,15,fixed15,fixed15
6135,2024-09-25,2024-09-26,2024-10-18,2.3728813559322104,15,fixed15,fixed15
6200,2021-09-27,2021-09-28,2021-10-19,8.018433179723505,15,fixed15,fixed15
6240,2022-04-19,2022-04-20,2022-05-17,-15.833333333333332,15,fixed15,fixed15
6272,2020-04-30,2020-05-01,2020-05-27,9.508196721311467,15,fixed15,fixed15
6310,2026-05-01,2026-05-07,2026-05-28,-3.9436619718309807,15,fixed15,fixed15
6351,2024-09-19,2024-09-20,2024-10-15,8.188585607940446,15,fixed15,fixed15
6440,2019-02-14,2019-02-15,2019-03-08,-10.015649452269171,15,fixed15,fixed15
6590,2023-11-09,2023-11-10,2023-12-04,-14.037433155080215,15,fixed15,fixed15
6619,2022-04-15,2022-04-18,2022-05-13,2.3887079261672106,15,fixed15,fixed15
6652,2019-06-24,2019-06-25,2019-07-17,-1.0045203415369186,15,fixed15,fixed15
6754,2017-09-19,2017-09-20,2017-10-12,7.045454545454555,15,fixed15,fixed15
6925,2020-05-20,2020-05-21,2020-06-11,15.295926210607224,15,fixed15,fixed15
7246,2020-05-27,2020-05-28,2020-06-18,2.1818181818181737,15,fixed15,fixed15
7259,2026-04-30,2026-05-01,2026-05-27,-6.4835386790547345,15,fixed15,fixed15
7721,2017-12-27,2017-12-28,2018-01-24,0.7868383404864066,15,fixed15,fixed15
7868,2024-04-15,2024-04-16,2024-05-10,3.1654676258992875,15,fixed15,fixed15
8043,2019-02-12,2019-02-13,2019-03-06,-2.930402930402931,15,fixed15,fixed15
8050,2020-05-26,2020-05-27,2020-06-17,3.6383682469680156,15,fixed15,fixed15
8167,2018-08-30,2018-08-31,2018-09-25,-4.129032258064513,15,fixed15,fixed15
8570,2020-10-02,2020-10-05,2020-10-26,8.975609756097569,15,fixed15,fixed15
8804,2023-02-24,2023-02-27,2023-03-20,-3.0061349693251582,15,fixed15,fixed15
9629,2026-07-02,2026-07-03,2026-07-27,3.1478770131771583,15,fixed15,fixed15
9842,2020-04-28,2020-04-30,2020-05-26,13.725490196078427,15,fixed15,fixed15
1518,2019-02-08,2019-02-12,2019-03-12,-11.14819759679574,20,fixed20,fixed20
2593,2022-02-08,2022-02-09,2022-03-11,-3.522205206738127,20,fixed20,fixed20
3101,2026-05-08,2026-05-11,2026-06-08,14.041994750656173,20,fixed20,fixed20
3107,2020-10-23,2020-10-26,2020-11-25,-7.302533532041733,20,fixed20,fixed20
3393,2023-02-13,2023-02-14,2023-03-15,37.9980563654033,20,fixed20,fixed20
3660,2024-12-09,2024-12-10,2025-01-14,-6.208425720620847,20,fixed20,fixed20
3663,2021-03-31,2021-04-01,2021-04-30,25.249999999999993,20,fixed20,fixed20
3922,2020-12-24,2020-12-25,2021-01-27,15.417867435158495,20,fixed20,fixed20
4180,2022-06-28,2022-06-29,2022-07-28,3.1063321385901954,20,fixed20,fixed20
4246,2020-08-11,2020-08-12,2020-09-09,10.246679316888052,20,fixed20,fixed20
4345,2020-04-28,2020-04-30,2020-06-02,19.999999999999996,20,fixed20,fixed20
4385,2021-01-04,2021-01-05,2021-02-03,5.360824742268044,20,fixed20,fixed20
4483,2022-06-24,2022-06-27,2022-07-26,4.682274247491636,20,fixed20,fixed20
4911,2022-06-29,2022-06-30,2022-07-29,1.2879484820607079,20,fixed20,fixed20
5706,2019-07-19,2019-07-22,2019-08-20,-15.947611710323573,20,fixed20,fixed20
5714,2026-05-07,2026-05-08,2026-06-05,1.4049172102358343,20,fixed20,fixed20
5901,2018-03-27,2018-03-28,2018-04-25,7.197943444730082,20,fixed20,fixed20
5975,2026-05-14,2026-05-15,2026-06-12,3.608445297504792,20,fixed20,fixed20
6135,2024-09-25,2024-09-26,2024-10-25,-2.3728813559321993,20,fixed20,fixed20
6200,2021-09-27,2021-09-28,2021-10-26,6.036866359447002,20,fixed20,fixed20
6240,2022-04-19,2022-04-20,2022-05-24,-13.611111111111107,20,fixed20,fixed20
6272,2020-04-30,2020-05-01,2020-06-03,10.163934426229515,20,fixed20,fixed20
6310,2026-05-01,2026-05-07,2026-06-04,-2.704225352112677,20,fixed20,fixed20
6351,2024-09-19,2024-09-20,2024-10-22,7.3200992555831235,20,fixed20,fixed20
6440,2019-02-14,2019-02-15,2019-03-15,-12.363067292644757,20,fixed20,fixed20
6590,2023-11-09,2023-11-10,2023-12-11,-19.786096256684495,20,fixed20,fixed20
6619,2022-04-15,2022-04-18,2022-05-20,26.058631921824094,20,fixed20,fixed20
6652,2019-06-24,2019-06-25,2019-07-24,3.415369161225512,20,fixed20,fixed20
6754,2017-09-19,2017-09-20,2017-10-19,6.25,20,fixed20,fixed20
6925,2020-05-20,2020-05-21,2020-06-18,5.995388162951576,20,fixed20,fixed20
7246,2020-05-27,2020-05-28,2020-06-25,2.9090909090909056,20,fixed20,fixed20
7259,2026-04-30,2026-05-01,2026-06-03,-3.0902847909513254,20,fixed20,fixed20
7721,2017-12-27,2017-12-28,2018-01-31,-0.5722460658083017,20,fixed20,fixed20
7868,2024-04-15,2024-04-16,2024-05-17,-12.086330935251798,20,fixed20,fixed20
8043,2019-02-12,2019-02-13,2019-03-13,-5.128205128205132,20,fixed20,fixed20
8050,2020-05-26,2020-05-27,2020-06-24,-0.8820286659316445,20,fixed20,fixed20
8167,2018-08-30,2018-08-31,2018-10-02,-2.709677419354839,20,fixed20,fixed20
8570,2020-10-02,2020-10-05,2020-11-02,4.390243902439028,20,fixed20,fixed20
8804,2023-02-24,2023-02-27,2023-03-28,-2.69938650306748,20,fixed20,fixed20
9629,2026-07-02,2026-07-03,2026-08-03,6.002928257686668,20,fixed20,fixed20
9842,2020-04-28,2020-04-30,2020-06-02,17.352941176470594,20,fixed20,fixed20
1518,2019-02-08,2019-02-12,2019-02-25,-3.204272363150873,9,ma5_turn_down_next_open,ma5_turn_down_max20
2593,2022-02-08,2022-02-09,2022-02-24,0.6125574272588086,9,ma5_turn_down_next_open,ma5_turn_down_max20
3101,2026-05-08,2026-05-11,2026-05-21,4.330708661417315,8,ma5_turn_down_next_open,ma5_turn_down_max20
3107,2020-10-23,2020-10-26,2020-11-04,-3.2786885245901676,6,ma5_turn_down_next_open,ma5_turn_down_max20
3393,2023-02-13,2023-02-14,2023-02-16,-6.025267249757049,2,ma5_turn_down_next_open,ma5_turn_down_max20
3660,2024-12-09,2024-12-10,2024-12-12,-0.44345898004434225,2,ma5_turn_down_next_open,ma5_turn_down_max20
3663,2021-03-31,2021-04-01,2021-04-12,5.4807692307692335,7,ma5_turn_down_next_open,ma5_turn_down_max20
3922,2020-12-24,2020-12-25,2021-01-21,23.342939481268022,16,ma5_turn_down_next_open,ma5_turn_down_max20
4180,2022-06-28,2022-06-29,2022-07-12,3.823178016726403,9,ma5_turn_down_next_open,ma5_turn_down_max20
4246,2020-08-11,2020-08-12,2020-08-19,-0.9487666034155628,5,ma5_turn_down_next_open,ma5_turn_down_max20
4345,2020-04-28,2020-04-30,2020-05-15,9.016393442622949,8,ma5_turn_down_next_open,ma5_turn_down_max20
4385,2021-01-04,2021-01-05,2021-01-20,10.103092783505163,10,ma5_turn_down_next_open,ma5_turn_down_max20
4483,2022-06-24,2022-06-27,2022-07-04,-0.5016722408026753,5,ma5_turn_down_next_open,ma5_turn_down_max20
4911,2022-06-29,2022-06-30,2022-07-15,0.7543698252070019,11,ma5_turn_down_next_open,ma5_turn_down_max20
5706,2019-07-19,2019-07-22,2019-07-25,0.038520801232655444,3,ma5_turn_down_next_open,ma5_turn_down_max20
5714,2026-05-07,2026-05-08,2026-05-21,3.41194179628701,9,ma5_turn_down_next_open,ma5_turn_down_max20
5901,2018-03-27,2018-03-28,2018-04-04,-0.25706940874036244,5,ma5_turn_down_next_open,ma5_turn_down_max20
5975,2026-05-14,2026-05-15,2026-05-25,-0.19193857965451588,6,ma5_turn_down_next_open,ma5_turn_down_max20
6135,2024-09-25,2024-09-26,2024-10-16,0.8474576271186418,13,ma5_turn_down_next_open,ma5_turn_down_max20
6200,2021-09-27,2021-09-28,2021-10-04,-2.211981566820276,4,ma5_turn_down_next_open,ma5_turn_down_max20
6240,2022-04-19,2022-04-20,2022-04-27,-3.3333333333333326,5,ma5_turn_down_next_open,ma5_turn_down_max20
6272,2020-04-30,2020-05-01,2020-05-18,1.80327868852459,8,ma5_turn_down_next_open,ma5_turn_down_max20
6310,2026-05-01,2026-05-07,2026-05-18,7.154929577464797,7,ma5_turn_down_next_open,ma5_turn_down_max20
6351,2024-09-19,2024-09-20,2024-10-18,9.429280397022332,18,ma5_turn_down_next_open,ma5_turn_down_max20
6440,2019-02-14,2019-02-15,2019-02-27,0.6259780907668322,8,ma5_turn_down_next_open,ma5_turn_down_max20
6590,2023-11-09,2023-11-10,2023-11-20,0.9358288770053402,6,ma5_turn_down_next_open,ma5_turn_down_max20
6619,2022-04-15,2022-04-18,2022-04-28,0.8686210640608039,8,ma5_turn_down_next_open,ma5_turn_down_max20
6652,2019-06-24,2019-06-25,2019-06-27,-1.707684580612756,2,ma5_turn_down_next_open,ma5_turn_down_max20
6754,2017-09-19,2017-09-20,2017-09-27,-2.2727272727272707,5,ma5_turn_down_next_open,ma5_turn_down_max20
6925,2020-05-20,2020-05-21,2020-05-28,-4.534973097617212,5,ma5_turn_down_next_open,ma5_turn_down_max20
7246,2020-05-27,2020-05-28,2020-06-15,2.9090909090909056,12,ma5_turn_down_next_open,ma5_turn_down_max20
7259,2026-04-30,2026-05-01,2026-05-12,-8.260957382347001,4,ma5_turn_down_next_open,ma5_turn_down_max20
7721,2017-12-27,2017-12-28,2018-01-10,0.5722460658083017,5,ma5_turn_down_next_open,ma5_turn_down_max20
7868,2024-04-15,2024-04-16,2024-05-10,3.1654676258992875,15,ma5_turn_down_next_open,ma5_turn_down_max20
8043,2019-02-12,2019-02-13,2019-02-18,-0.9816849816849937,3,ma5_turn_down_next_open,ma5_turn_down_max20
8050,2020-05-26,2020-05-27,2020-06-05,4.299889746416752,7,ma5_turn_down_next_open,ma5_turn_down_max20
8167,2018-08-30,2018-08-31,2018-09-07,-2.3870967741935534,5,ma5_turn_down_next_open,ma5_turn_down_max20
8570,2020-10-02,2020-10-05,2020-10-19,7.317073170731714,10,ma5_turn_down_next_open,ma5_turn_down_max20
8804,2023-02-24,2023-02-27,2023-03-08,1.595092024539868,7,ma5_turn_down_next_open,ma5_turn_down_max20
9629,2026-07-02,2026-07-03,2026-07-15,4.612005856515378,8,ma5_turn_down_next_open,ma5_turn_down_max20
9842,2020-04-28,2020-04-30,2020-05-20,5.392156862745101,11,ma5_turn_down_next_open,ma5_turn_down_max20
1518,2019-02-08,2019-02-12,2019-02-15,-4.939919893190925,3,close_below_ma5_next_open,close_below_ma5_max20
2593,2022-02-08,2022-02-09,2022-02-22,1.2251148545176171,8,close_below_ma5_next_open,close_below_ma5_max20
3101,2026-05-08,2026-05-11,2026-05-19,4.986876640419946,6,close_below_ma5_next_open,close_below_ma5_max20
3107,2020-10-23,2020-10-26,2020-11-02,-2.8315946348733245,5,close_below_ma5_next_open,close_below_ma5_max20
3393,2023-02-13,2023-02-14,2023-02-16,-6.025267249757049,2,close_below_ma5_next_open,close_below_ma5_max20
3660,2024-12-09,2024-12-10,2024-12-12,-0.44345898004434225,2,close_below_ma5_next_open,close_below_ma5_max20
3663,2021-03-31,2021-04-01,2021-04-09,3.9999999999999813,6,close_below_ma5_next_open,close_below_ma5_max20
3922,2020-12-24,2020-12-25,2020-12-30,-2.5936599423631135,3,close_below_ma5_next_open,close_below_ma5_max20
4180,2022-06-28,2022-06-29,2022-06-30,-3.2258064516129004,1,close_below_ma5_next_open,close_below_ma5_max20
4246,2020-08-11,2020-08-12,2020-08-18,-0.5692599620493399,4,close_below_ma5_next_open,close_below_ma5_max20
4345,2020-04-28,2020-04-30,2020-05-15,9.016393442622949,8,close_below_ma5_next_open,close_below_ma5_max20
4385,2021-01-04,2021-01-05,2021-01-15,15.670103092783517,7,close_below_ma5_next_open,close_below_ma5_max20
4483,2022-06-24,2022-06-27,2022-07-01,-2.1739130434782594,4,close_below_ma5_next_open,close_below_ma5_max20
4911,2022-06-29,2022-06-30,2022-07-04,0.570377184912596,2,close_below_ma5_next_open,close_below_ma5_max20
5706,2019-07-19,2019-07-22,2019-07-23,-3.3898305084745783,1,close_below_ma5_next_open,close_below_ma5_max20
5714,2026-05-07,2026-05-08,2026-05-15,19.26743602609131,5,close_below_ma5_next_open,close_below_ma5_max20
5901,2018-03-27,2018-03-28,2018-04-03,-0.6426735218509005,4,close_below_ma5_next_open,close_below_ma5_max20
5975,2026-05-14,2026-05-15,2026-05-21,0.6525911708253451,4,close_below_ma5_next_open,close_below_ma5_max20
6135,2024-09-25,2024-09-26,2024-10-01,0.5084745762711895,3,close_below_ma5_next_open,close_below_ma5_max20
6200,2021-09-27,2021-09-28,2021-09-30,-1.8894009216589902,2,close_below_ma5_next_open,close_below_ma5_max20
6240,2022-04-19,2022-04-20,2022-04-25,-2.777777777777779,3,close_below_ma5_next_open,close_below_ma5_max20
6272,2020-04-30,2020-05-01,2020-05-18,1.80327868852459,8,close_below_ma5_next_open,close_below_ma5_max20
6310,2026-05-01,2026-05-07,2026-05-15,2.4788732394366297,6,close_below_ma5_next_open,close_below_ma5_max20
6351,2024-09-19,2024-09-20,2024-10-01,0.2481389578163684,6,close_below_ma5_next_open,close_below_ma5_max20
6440,2019-02-14,2019-02-15,2019-02-27,0.6259780907668322,8,close_below_ma5_next_open,close_below_ma5_max20
6590,2023-11-09,2023-11-10,2023-11-17,0.13368983957218195,5,close_below_ma5_next_open,close_below_ma5_max20
6619,2022-04-15,2022-04-18,2022-04-26,1.4115092290988063,6,close_below_ma5_next_open,close_below_ma5_max20
6652,2019-06-24,2019-06-25,2019-06-27,-1.707684580612756,2,close_below_ma5_next_open,close_below_ma5_max20
6754,2017-09-19,2017-09-20,2017-09-25,-1.3636363636363669,3,close_below_ma5_next_open,close_below_ma5_max20
6925,2020-05-20,2020-05-21,2020-05-25,-9.91544965411222,2,close_below_ma5_next_open,close_below_ma5_max20
7246,2020-05-27,2020-05-28,2020-06-02,-2.9090909090909056,3,close_below_ma5_next_open,close_below_ma5_max20
7259,2026-04-30,2026-05-01,2026-05-08,-7.291456271460306,2,close_below_ma5_next_open,close_below_ma5_max20
7721,2017-12-27,2017-12-28,2018-01-09,1.3590844062947083,4,close_below_ma5_next_open,close_below_ma5_max20
7868,2024-04-15,2024-04-16,2024-04-22,0.2877697841726645,4,close_below_ma5_next_open,close_below_ma5_max20
8043,2019-02-12,2019-02-13,2019-02-18,-0.9816849816849937,3,close_below_ma5_next_open,close_below_ma5_max20
8050,2020-05-26,2020-05-27,2020-06-02,2.811466372657101,4,close_below_ma5_next_open,close_below_ma5_max20
8167,2018-08-30,2018-08-31,2018-09-05,-1.1612903225806437,3,close_below_ma5_next_open,close_below_ma5_max20
8570,2020-10-02,2020-10-05,2020-10-15,6.829268292682933,8,close_below_ma5_next_open,close_below_ma5_max20
8804,2023-02-24,2023-02-27,2023-03-08,1.595092024539868,7,close_below_ma5_next_open,close_below_ma5_max20
9629,2026-07-02,2026-07-03,2026-07-10,1.2445095168374776,5,close_below_ma5_next_open,close_below_ma5_max20
9842,2020-04-28,2020-04-30,2020-05-15,6.07843137254902,8,close_below_ma5_next_open,close_below_ma5_max20
1518,2019-02-08,2019-02-12,2019-02-26,-5.273698264352477,10,close_below_ma25_next_open,close_below_ma25_max20
2593,2022-02-08,2022-02-09,2022-02-28,-1.3782542113323082,11,close_below_ma25_next_open,close_below_ma25_max20
3101,2026-05-08,2026-05-11,2026-06-08,14.041994750656173,20,max20,close_below_ma25_max20
3107,2020-10-23,2020-10-26,2020-11-04,-3.2786885245901676,6,close_below_ma25_next_open,close_below_ma25_max20
3393,2023-02-13,2023-02-14,2023-02-16,-6.025267249757049,2,close_below_ma25_next_open,close_below_ma25_max20
3660,2024-12-09,2024-12-10,2024-12-30,-0.44345898004434225,14,close_below_ma25_next_open,close_below_ma25_max20
3663,2021-03-31,2021-04-01,2021-04-30,25.249999999999993,20,max20,close_below_ma25_max20
3922,2020-12-24,2020-12-25,2021-01-27,15.417867435158495,20,max20,close_below_ma25_max20
4180,2022-06-28,2022-06-29,2022-07-26,-0.9557945041816063,18,close_below_ma25_next_open,close_below_ma25_max20
4246,2020-08-11,2020-08-12,2020-09-09,10.246679316888052,20,max20,close_below_ma25_max20
4345,2020-04-28,2020-04-30,2020-06-02,19.999999999999996,20,max20,close_below_ma25_max20
4385,2021-01-04,2021-01-05,2021-02-01,5.7731958762886615,18,close_below_ma25_next_open,close_below_ma25_max20
4483,2022-06-24,2022-06-27,2022-07-26,4.682274247491636,20,max20,close_below_ma25_max20
4911,2022-06-29,2022-06-30,2022-07-27,-0.38638454461821237,18,close_below_ma25_next_open,close_below_ma25_max20
5706,2019-07-19,2019-07-22,2019-07-29,-4.23728813559322,5,close_below_ma25_next_open,close_below_ma25_max20
5714,2026-05-07,2026-05-08,2026-06-03,5.26843953838434,18,close_below_ma25_next_open,close_below_ma25_max20
5901,2018-03-27,2018-03-28,2018-04-04,-0.25706940874036244,5,close_below_ma25_next_open,close_below_ma25_max20
5975,2026-05-14,2026-05-15,2026-06-12,3.608445297504792,20,max20,close_below_ma25_max20
6135,2024-09-25,2024-09-26,2024-10-23,-1.016949152542368,18,close_below_ma25_next_open,close_below_ma25_max20
6200,2021-09-27,2021-09-28,2021-10-04,-2.211981566820276,4,close_below_ma25_next_open,close_below_ma25_max20
6240,2022-04-19,2022-04-20,2022-04-26,-1.388888888888884,4,close_below_ma25_next_open,close_below_ma25_max20
6272,2020-04-30,2020-05-01,2020-06-03,10.163934426229515,20,max20,close_below_ma25_max20
6310,2026-05-01,2026-05-07,2026-05-27,-1.746478873239432,14,close_below_ma25_next_open,close_below_ma25_max20
6351,2024-09-19,2024-09-20,2024-10-22,7.3200992555831235,20,max20,close_below_ma25_max20
6440,2019-02-14,2019-02-15,2019-03-07,-5.712050078247266,14,close_below_ma25_next_open,close_below_ma25_max20
6590,2023-11-09,2023-11-10,2023-11-29,-10.6951871657754,12,close_below_ma25_next_open,close_below_ma25_max20
6619,2022-04-15,2022-04-18,2022-05-10,-6.84039087947883,12,close_below_ma25_next_open,close_below_ma25_max20
6652,2019-06-24,2019-06-25,2019-06-27,-1.707684580612756,2,close_below_ma25_next_open,close_below_ma25_max20
6754,2017-09-19,2017-09-20,2017-10-19,6.25,20,max20,close_below_ma25_max20
6925,2020-05-20,2020-05-21,2020-06-18,5.995388162951576,20,max20,close_below_ma25_max20
7246,2020-05-27,2020-05-28,2020-06-25,2.9090909090909056,20,max20,close_below_ma25_max20
7259,2026-04-30,2026-05-01,2026-05-08,-7.291456271460306,2,close_below_ma25_next_open,close_below_ma25_max20
7721,2017-12-27,2017-12-28,2018-01-26,0.42918454935623185,17,close_below_ma25_next_open,close_below_ma25_max20
7868,2024-04-15,2024-04-16,2024-05-17,-12.086330935251798,20,close_below_ma25_next_open,close_below_ma25_max20
8043,2019-02-12,2019-02-13,2019-03-08,-6.842490842490845,17,close_below_ma25_next_open,close_below_ma25_max20
8050,2020-05-26,2020-05-27,2020-06-16,1.708930540242548,14,close_below_ma25_next_open,close_below_ma25_max20
8167,2018-08-30,2018-08-31,2018-09-06,-2.4516129032258083,4,close_below_ma25_next_open,close_below_ma25_max20
8570,2020-10-02,2020-10-05,2020-11-02,4.390243902439028,20,close_below_ma25_next_open,close_below_ma25_max20
8804,2023-02-24,2023-02-27,2023-03-15,-0.4294478527607337,12,close_below_ma25_next_open,close_below_ma25_max20
9629,2026-07-02,2026-07-03,2026-08-03,6.002928257686668,20,max20,close_below_ma25_max20
9842,2020-04-28,2020-04-30,2020-06-02,17.352941176470594,20,max20,close_below_ma25_max20
1518,2019-02-08,2019-02-12,2019-02-12,-4.8097463284379245,0,trail5,trail5_max20
2593,2022-02-08,2022-02-09,2022-02-24,0.23736600306278888,9,trail5,trail5_max20
3101,2026-05-08,2026-05-11,2026-05-12,-3.6909448818897683,1,trail5,trail5_max20
3107,2020-10-23,2020-10-26,2020-10-29,0.9463487332339815,3,trail5,trail5_max20
3393,2023-02-13,2023-02-14,2023-02-14,0.0,0,trail5_gap,trail5_max20
3660,2024-12-09,2024-12-10,2024-12-16,-3.946784922394686,4,trail5,trail5_max20
3663,2021-03-31,2021-04-01,2021-04-01,-2.076923076923076,0,trail5,trail5_max20
3922,2020-12-24,2020-12-25,2020-12-29,-3.6311239193083544,2,trail5,trail5_max20
4180,2022-06-28,2022-06-29,2022-06-30,-3.2258064516129004,1,trail5_gap,trail5_max20
4246,2020-08-11,2020-08-12,2020-08-26,3.6527514231499136,10,trail5,trail5_max20
4345,2020-04-28,2020-04-30,2020-05-01,0.16393442622950616,1,trail5_gap,trail5_max20
4385,2021-01-04,2021-01-05,2021-01-13,13.4020618556701,5,trail5_gap,trail5_max20
4483,2022-06-24,2022-06-27,2022-07-01,-2.1739130434782594,4,trail5_gap,trail5_max20
4911,2022-06-29,2022-06-30,2022-07-29,1.2879484820607079,20,max20,trail5_max20
5706,2019-07-19,2019-07-22,2019-07-23,-4.304699537750389,1,trail5,trail5_max20
5714,2026-05-07,2026-05-08,2026-05-14,1.864024084295024,4,trail5,trail5_max20
5901,2018-03-27,2018-03-28,2018-04-25,7.197943444730082,20,max20,trail5_max20
5975,2026-05-14,2026-05-15,2026-05-20,-1.7178502879078739,3,trail5,trail5_max20
6135,2024-09-25,2024-09-26,2024-10-16,0.8474576271186418,13,trail5_gap,trail5_max20
6200,2021-09-27,2021-09-28,2021-09-29,-5.000000000000004,1,trail5,trail5_max20
6240,2022-04-19,2022-04-20,2022-04-27,-4.208333333333347,5,trail5,trail5_max20
6272,2020-04-30,2020-05-01,2020-05-13,5.045081967213116,5,trail5,trail5_max20
6310,2026-05-01,2026-05-07,2026-05-15,0.29859154929576803,6,trail5,trail5_max20
6351,2024-09-19,2024-09-20,2024-09-27,0.7754342431761874,4,trail5,trail5_max20
6440,2019-02-14,2019-02-15,2019-02-15,-5.000000000000004,0,trail5,trail5_max20
6590,2023-11-09,2023-11-10,2023-11-10,0.0,0,trail5_gap,trail5_max20
6619,2022-04-15,2022-04-18,2022-04-19,-0.6514657980456029,1,trail5_gap,trail5_max20
6652,2019-06-24,2019-06-25,2019-06-26,-3.663987945755909,1,trail5,trail5_max20
6754,2017-09-19,2017-09-20,2017-10-06,4.392045454545457,12,trail5,trail5_max20
6925,2020-05-20,2020-05-21,2020-05-21,-4.1967717140661165,0,trail5,trail5_max20
7246,2020-05-27,2020-05-28,2020-05-29,-2.581818181818185,1,trail5,trail5_max20
7259,2026-04-30,2026-05-01,2026-05-07,-4.605130276711778,1,trail5_gap,trail5_max20
7721,2017-12-27,2017-12-28,2018-01-31,-0.5722460658083017,20,max20,trail5_max20
7868,2024-04-15,2024-04-16,2024-04-19,-3.3597122302158278,3,trail5,trail5_max20
8043,2019-02-12,2019-02-13,2019-03-07,-5.000000000000004,16,trail5,trail5_max20
8050,2020-05-26,2020-05-27,2020-05-29,0.2894156560088179,2,trail5,trail5_max20
8167,2018-08-30,2018-08-31,2018-09-05,-1.9354838709677469,3,trail5,trail5_max20
8570,2020-10-02,2020-10-05,2020-10-08,9.170731707317081,3,trail5_gap,trail5_max20
8804,2023-02-24,2023-02-27,2023-03-13,0.5950920245398672,10,trail5,trail5_max20
9629,2026-07-02,2026-07-03,2026-07-22,2.3023426061493435,12,trail5,trail5_max20
9842,2020-04-28,2020-04-30,2020-05-15,3.5686274509803884,8,trail5,trail5_max20
1518,2019-02-08,2019-02-12,2019-02-22,-2.219626168224309,8,trail7,trail7_max20
2593,2022-02-08,2022-02-09,2022-02-25,-1.8728943338437998,10,trail7,trail7_max20
3101,2026-05-08,2026-05-11,2026-05-12,-5.718503937007879,1,trail7,trail7_max20
3107,2020-10-23,2020-10-26,2020-11-02,-2.8315946348733245,5,trail7_gap,trail7_max20
3393,2023-02-13,2023-02-14,2023-02-14,0.0,0,trail7_gap,trail7_max20
3660,2024-12-09,2024-12-10,2024-12-18,1.8669623059866858,6,trail7,trail7_max20
3663,2021-03-31,2021-04-01,2021-04-02,0.3863461538461399,1,trail7,trail7_max20
3922,2020-12-24,2020-12-25,2021-01-04,0.8645533141210304,4,trail7_gap,trail7_max20
4180,2022-06-28,2022-06-29,2022-06-30,-3.2258064516129004,1,trail7_gap,trail7_max20
4246,2020-08-11,2020-08-12,2020-09-02,5.882352941176472,15,trail7,trail7_max20
4345,2020-04-28,2020-04-30,2020-05-01,0.16393442622950616,1,trail7_gap,trail7_max20
4385,2021-01-04,2021-01-05,2021-01-14,12.558762886597918,6,trail7,trail7_max20
4483,2022-06-24,2022-06-27,2022-07-11,9.484949832775925,10,trail7,trail7_max20
4911,2022-06-29,2022-06-30,2022-07-29,1.2879484820607079,20,max20,trail7_max20
5706,2019-07-19,2019-07-22,2019-07-29,-6.319337442218808,5,trail7,trail7_max20
5714,2026-05-07,2026-05-08,2026-05-14,-0.2804816859006576,4,trail7,trail7_max20
5901,2018-03-27,2018-03-28,2018-04-25,7.197943444730082,20,max20,trail7_max20
5975,2026-05-14,2026-05-15,2026-06-02,0.10441458733203568,12,trail7,trail7_max20
6135,2024-09-25,2024-09-26,2024-10-22,-0.06440677966101926,17,trail7,trail7_max20
6200,2021-09-27,2021-09-28,2021-10-04,-5.714285714285728,4,trail7,trail7_max20
6240,2022-04-19,2022-04-20,2022-04-27,-6.225000000000003,5,trail7,trail7_max20
6272,2020-04-30,2020-05-01,2020-05-15,2.9098360655737787,7,trail7,trail7_max20
6310,2026-05-01,2026-05-07,2026-05-21,5.312676056338028,10,trail7,trail7_max20
6351,2024-09-19,2024-09-20,2024-10-21,5.346153846153845,19,trail7,trail7_max20
6440,2019-02-14,2019-02-15,2019-02-15,-7.000000000000006,0,trail7,trail7_max20
6590,2023-11-09,2023-11-10,2023-11-10,-0.6590909090909203,0,trail7,trail7_max20
6619,2022-04-15,2022-04-18,2022-04-19,-1.6482084690553789,1,trail7,trail7_max20
6652,2019-06-24,2019-06-25,2019-07-17,-1.0045203415369186,15,trail7_gap,trail7_max20
6754,2017-09-19,2017-09-20,2017-10-19,6.25,20,max20,trail7_max20
6925,2020-05-20,2020-05-21,2020-05-21,-6.213681783243674,0,trail7,trail7_max20
7246,2020-05-27,2020-05-28,2020-06-01,-4.632727272727277,2,trail7,trail7_max20
7259,2026-04-30,2026-05-01,2026-05-07,-6.304988891133123,1,trail7,trail7_max20
7721,2017-12-27,2017-12-28,2018-01-31,-0.5722460658083017,20,max20,trail7_max20
7868,2024-04-15,2024-04-16,2024-05-16,-5.46762589928057,19,trail7_gap,trail7_max20
8043,2019-02-12,2019-02-13,2019-03-08,-7.000000000000018,17,trail7,trail7_max20
8050,2020-05-26,2020-05-27,2020-06-11,2.6383682469680148,11,trail7,trail7_max20
8167,2018-08-30,2018-08-31,2018-09-10,-4.0000000000000036,6,trail7,trail7_max20
8570,2020-10-02,2020-10-05,2020-10-08,7.24487804878049,3,trail7,trail7_max20
8804,2023-02-24,2023-02-27,2023-03-14,-1.5226993865030791,11,trail7,trail7_max20
9629,2026-07-02,2026-07-03,2026-08-03,6.002928257686668,20,max20,trail7_max20
9842,2020-04-28,2020-04-30,2020-06-02,17.352941176470594,20,max20,trail7_max20
1518,2019-02-08,2019-02-12,2019-02-21,1.985981308411211,7,trail3,plus5_then_trail3_max20
2593,2022-02-08,2022-02-09,2022-02-17,2.3476263399693664,5,trail3,plus5_then_trail3_max20
3101,2026-05-08,2026-05-11,2026-05-13,4.330708661417315,2,trail3_gap,plus5_then_trail3_max20
3107,2020-10-23,2020-10-26,2020-10-28,3.071535022354688,2,trail3,plus5_then_trail3_max20
3393,2023-02-13,2023-02-14,2023-02-14,0.0,0,trail3_gap,plus5_then_trail3_max20
3660,2024-12-09,2024-12-10,2024-12-18,1.9955654101995624,6,trail3_gap,plus5_then_trail3_max20
3663,2021-03-31,2021-04-01,2021-04-02,1.6923076923076819,1,trail3_gap,plus5_then_trail3_max20
3922,2020-12-24,2020-12-25,2021-01-04,0.8645533141210304,4,trail3_gap,plus5_then_trail3_max20
4180,2022-06-28,2022-06-29,2022-06-30,-3.2258064516129004,1,trail3_gap,plus5_then_trail3_max20
4246,2020-08-11,2020-08-12,2020-08-26,4.933586337760909,10,trail3_gap,plus5_then_trail3_max20
4345,2020-04-28,2020-04-30,2020-05-01,0.16393442622950616,1,trail3_gap,plus5_then_trail3_max20
4385,2021-01-04,2021-01-05,2021-01-06,4.329896907216502,1,trail3_gap,plus5_then_trail3_max20
4483,2022-06-24,2022-06-27,2022-07-05,1.17056856187292,6,trail3_gap,plus5_then_trail3_max20
4911,2022-06-29,2022-06-30,2022-07-29,1.2879484820607079,20,max20,plus5_then_trail3_max20
5706,2019-07-19,2019-07-22,2019-08-20,-15.947611710323573,20,max20,plus5_then_trail3_max20
5714,2026-05-07,2026-05-08,2026-05-12,3.5704967385850495,2,trail3,plus5_then_trail3_max20
5901,2018-03-27,2018-03-28,2018-04-11,2.6105398457583417,10,trail3,plus5_then_trail3_max20
5975,2026-05-14,2026-05-15,2026-05-29,4.261036468330137,10,trail3_gap,plus5_then_trail3_max20
6135,2024-09-25,2024-09-26,2024-10-03,2.754237288135597,5,trail3,plus5_then_trail3_max20
6200,2021-09-27,2021-09-28,2021-10-13,-0.13824884792627,11,trail3_gap,plus5_then_trail3_max20
6240,2022-04-19,2022-04-20,2022-05-24,-13.611111111111107,20,max20,plus5_then_trail3_max20
6272,2020-04-30,2020-05-01,2020-05-11,7.049180327868854,3,trail3_gap,plus5_then_trail3_max20
6310,2026-05-01,2026-05-07,2026-05-14,2.41014084507043,5,trail3,plus5_then_trail3_max20
6351,2024-09-19,2024-09-20,2024-09-26,1.985111662531014,3,trail3_gap,plus5_then_trail3_max20
6440,2019-02-14,2019-02-15,2019-02-22,2.1611893583724395,5,trail3,plus5_then_trail3_max20
6590,2023-11-09,2023-11-10,2023-11-10,0.0,0,trail3_gap,plus5_then_trail3_max20
6619,2022-04-15,2022-04-18,2022-04-19,-0.6514657980456029,1,trail3_gap,plus5_then_trail3_max20
6652,2019-06-24,2019-06-25,2019-07-02,3.674535409342039,5,trail3,plus5_then_trail3_max20
6754,2017-09-19,2017-09-20,2017-09-29,3.1727272727272604,7,trail3,plus5_then_trail3_max20
6925,2020-05-20,2020-05-21,2020-06-01,5.380476556495006,7,trail3_gap,plus5_then_trail3_max20
7246,2020-05-27,2020-05-28,2020-06-05,2.5454545454545396,6,trail3_gap,plus5_then_trail3_max20
7259,2026-04-30,2026-05-01,2026-06-03,-3.0902847909513254,20,max20,plus5_then_trail3_max20
7721,2017-12-27,2017-12-28,2018-01-31,-0.5722460658083017,20,max20,plus5_then_trail3_max20
7868,2024-04-15,2024-04-16,2024-04-30,3.559712230215828,9,trail3,plus5_then_trail3_max20
8043,2019-02-12,2019-02-13,2019-03-13,-5.128205128205132,20,max20,plus5_then_trail3_max20
8050,2020-05-26,2020-05-27,2020-05-28,1.708930540242548,1,trail3_gap,plus5_then_trail3_max20
8167,2018-08-30,2018-08-31,2018-10-02,-2.709677419354839,20,max20,plus5_then_trail3_max20
8570,2020-10-02,2020-10-05,2020-10-08,9.170731707317081,3,trail3_gap,plus5_then_trail3_max20
8804,2023-02-24,2023-02-27,2023-03-10,2.7128834355828246,9,trail3,plus5_then_trail3_max20
9629,2026-07-02,2026-07-03,2026-07-22,4.456076134699849,12,trail3,plus5_then_trail3_max20
9842,2020-04-28,2020-04-30,2020-05-08,3.0862745098039213,3,trail3,plus5_then_trail3_max20
1518,2019-02-08,2019-02-12,2019-02-22,-0.11682242990654901,8,trail5,plus5_then_trail5_max20
2593,2022-02-08,2022-02-09,2022-02-24,0.23736600306278888,9,trail5,plus5_then_trail5_max20
3101,2026-05-08,2026-05-11,2026-05-13,4.330708661417315,2,trail5_gap,plus5_then_trail5_max20
3107,2020-10-23,2020-10-26,2020-10-29,0.9463487332339815,3,trail5,plus5_then_trail5_max20
3393,2023-02-13,2023-02-14,2023-02-14,0.0,0,trail5_gap,plus5_then_trail5_max20
3660,2024-12-09,2024-12-10,2024-12-18,1.9955654101995624,6,trail5_gap,plus5_then_trail5_max20
3663,2021-03-31,2021-04-01,2021-04-02,1.6923076923076819,1,trail5_gap,plus5_then_trail5_max20
3922,2020-12-24,2020-12-25,2021-01-04,0.8645533141210304,4,trail5_gap,plus5_then_trail5_max20
4180,2022-06-28,2022-06-29,2022-06-30,-3.2258064516129004,1,trail5_gap,plus5_then_trail5_max20
4246,2020-08-11,2020-08-12,2020-08-26,3.6527514231499136,10,trail5,plus5_then_trail5_max20
4345,2020-04-28,2020-04-30,2020-05-01,0.16393442622950616,1,trail5_gap,plus5_then_trail5_max20
4385,2021-01-04,2021-01-05,2021-01-13,13.4020618556701,5,trail5_gap,plus5_then_trail5_max20
4483,2022-06-24,2022-06-27,2022-07-05,0.8779264214046734,6,trail5,plus5_then_trail5_max20
4911,2022-06-29,2022-06-30,2022-07-29,1.2879484820607079,20,max20,plus5_then_trail5_max20
5706,2019-07-19,2019-07-22,2019-08-20,-15.947611710323573,20,max20,plus5_then_trail5_max20
5714,2026-05-07,2026-05-08,2026-05-14,1.864024084295024,4,trail5,plus5_then_trail5_max20
5901,2018-03-27,2018-03-28,2018-04-25,7.197943444730082,20,max20,plus5_then_trail5_max20
5975,2026-05-14,2026-05-15,2026-06-02,0.9596928982725572,12,trail5_gap,plus5_then_trail5_max20
6135,2024-09-25,2024-09-26,2024-10-16,0.8474576271186418,13,trail5_gap,plus5_then_trail5_max20
6200,2021-09-27,2021-09-28,2021-10-13,-0.13824884792627,11,trail5_gap,plus5_then_trail5_max20
6240,2022-04-19,2022-04-20,2022-05-24,-13.611111111111107,20,max20,plus5_then_trail5_max20
6272,2020-04-30,2020-05-01,2020-05-13,5.045081967213116,5,trail5,plus5_then_trail5_max20
6310,2026-05-01,2026-05-07,2026-05-15,0.29859154929576803,6,trail5,plus5_then_trail5_max20
6351,2024-09-19,2024-09-20,2024-09-27,0.7754342431761874,4,trail5,plus5_then_trail5_max20
6440,2019-02-14,2019-02-15,2019-02-27,0.05477308294210559,8,trail5,plus5_then_trail5_max20
6590,2023-11-09,2023-11-10,2023-11-10,0.0,0,trail5_gap,plus5_then_trail5_max20
6619,2022-04-15,2022-04-18,2022-04-19,-0.6514657980456029,1,trail5_gap,plus5_then_trail5_max20
6652,2019-06-24,2019-06-25,2019-07-10,1.3561024610748262,11,trail5_gap,plus5_then_trail5_max20
6754,2017-09-19,2017-09-20,2017-10-06,4.392045454545457,12,trail5,plus5_then_trail5_max20
6925,2020-05-20,2020-05-21,2020-06-01,3.251345119139115,7,trail5,plus5_then_trail5_max20
7246,2020-05-27,2020-05-28,2020-06-11,7.090909090909081,10,trail5,plus5_then_trail5_max20
7259,2026-04-30,2026-05-01,2026-06-03,-3.0902847909513254,20,max20,plus5_then_trail5_max20
7721,2017-12-27,2017-12-28,2018-01-31,-0.5722460658083017,20,max20,plus5_then_trail5_max20
7868,2024-04-15,2024-04-16,2024-05-13,1.4244604316546727,16,trail5,plus5_then_trail5_max20
8043,2019-02-12,2019-02-13,2019-03-13,-5.128205128205132,20,max20,plus5_then_trail5_max20
8050,2020-05-26,2020-05-27,2020-05-29,0.2894156560088179,2,trail5,plus5_then_trail5_max20
8167,2018-08-30,2018-08-31,2018-10-02,-2.709677419354839,20,max20,plus5_then_trail5_max20
8570,2020-10-02,2020-10-05,2020-10-08,9.170731707317081,3,trail5_gap,plus5_then_trail5_max20
8804,2023-02-24,2023-02-27,2023-03-13,0.5950920245398672,10,trail5,plus5_then_trail5_max20
9629,2026-07-02,2026-07-03,2026-07-22,2.3023426061493435,12,trail5,plus5_then_trail5_max20
9842,2020-04-28,2020-04-30,2020-05-15,3.5686274509803884,8,trail5,plus5_then_trail5_max20
1518,2019-02-08,2019-02-12,2019-03-12,-11.14819759679574,20,max20,plus7_then_trail3_max20
2593,2022-02-08,2022-02-09,2022-03-11,-3.522205206738127,20,max20,plus7_then_trail3_max20
3101,2026-05-08,2026-05-11,2026-05-13,4.330708661417315,2,trail3_gap,plus7_then_trail3_max20
3107,2020-10-23,2020-10-26,2020-11-25,-7.302533532041733,20,max20,plus7_then_trail3_max20
3393,2023-02-13,2023-02-14,2023-02-14,0.0,0,trail3_gap,plus7_then_trail3_max20
3660,2024-12-09,2024-12-10,2024-12-18,1.9955654101995624,6,trail3_gap,plus7_then_trail3_max20
3663,2021-03-31,2021-04-01,2021-04-02,1.6923076923076819,1,trail3_gap,plus7_then_trail3_max20
3922,2020-12-24,2020-12-25,2021-01-04,0.8645533141210304,4,trail3_gap,plus7_then_trail3_max20
4180,2022-06-28,2022-06-29,2022-07-04,7.526881720430101,3,trail3_gap,plus7_then_trail3_max20
4246,2020-08-11,2020-08-12,2020-08-26,4.933586337760909,10,trail3_gap,plus7_then_trail3_max20
4345,2020-04-28,2020-04-30,2020-05-01,0.16393442622950616,1,trail3_gap,plus7_then_trail3_max20
4385,2021-01-04,2021-01-05,2021-01-06,4.329896907216502,1,trail3_gap,plus7_then_trail3_max20
4483,2022-06-24,2022-06-27,2022-07-06,9.814381270902995,7,trail3,plus7_then_trail3_max20
4911,2022-06-29,2022-06-30,2022-07-29,1.2879484820607079,20,max20,plus7_then_trail3_max20
5706,2019-07-19,2019-07-22,2019-08-20,-15.947611710323573,20,max20,plus7_then_trail3_max20
5714,2026-05-07,2026-05-08,2026-05-13,2.408429503261411,3,trail3_gap,plus7_then_trail3_max20
5901,2018-03-27,2018-03-28,2018-04-25,7.197943444730082,20,max20,plus7_then_trail3_max20
5975,2026-05-14,2026-05-15,2026-05-29,4.261036468330137,10,trail3_gap,plus7_then_trail3_max20
6135,2024-09-25,2024-09-26,2024-10-11,4.233898305084738,11,trail3,plus7_then_trail3_max20
6200,2021-09-27,2021-09-28,2021-10-14,4.516129032258065,12,trail3_gap,plus7_then_trail3_max20
6240,2022-04-19,2022-04-20,2022-05-24,-13.611111111111107,20,max20,plus7_then_trail3_max20
6272,2020-04-30,2020-05-01,2020-05-11,7.049180327868854,3,trail3_gap,plus7_then_trail3_max20
6310,2026-05-01,2026-05-07,2026-05-18,5.907605633802815,7,trail3,plus7_then_trail3_max20
6351,2024-09-19,2024-09-20,2024-10-10,7.590570719602963,13,trail3,plus7_then_trail3_max20
6440,2019-02-14,2019-02-15,2019-03-15,-12.363067292644757,20,max20,plus7_then_trail3_max20
6590,2023-11-09,2023-11-10,2023-11-13,3.872994652406425,1,trail3,plus7_then_trail3_max20
6619,2022-04-15,2022-04-18,2022-04-20,5.425624321389799,2,trail3,plus7_then_trail3_max20
6652,2019-06-24,2019-06-25,2019-07-24,3.415369161225512,20,max20,plus7_then_trail3_max20
6754,2017-09-19,2017-09-20,2017-10-05,6.589772727272725,11,trail3,plus7_then_trail3_max20
6925,2020-05-20,2020-05-21,2020-06-01,5.380476556495006,7,trail3_gap,plus7_then_trail3_max20
7246,2020-05-27,2020-05-28,2020-06-09,8.640000000000004,8,trail3,plus7_then_trail3_max20
7259,2026-04-30,2026-05-01,2026-06-03,-3.0902847909513254,20,max20,plus7_then_trail3_max20
7721,2017-12-27,2017-12-28,2018-01-31,-0.5722460658083017,20,max20,plus7_then_trail3_max20
7868,2024-04-15,2024-04-16,2024-05-15,4.397122302158274,18,trail3,plus7_then_trail3_max20
8043,2019-02-12,2019-02-13,2019-03-13,-5.128205128205132,20,max20,plus7_then_trail3_max20
8050,2020-05-26,2020-05-27,2020-06-11,6.670341786108058,11,trail3_gap,plus7_then_trail3_max20
8167,2018-08-30,2018-08-31,2018-10-02,-2.709677419354839,20,max20,plus7_then_trail3_max20
8570,2020-10-02,2020-10-05,2020-10-08,9.170731707317081,3,trail3_gap,plus7_then_trail3_max20
8804,2023-02-24,2023-02-27,2023-03-28,-2.69938650306748,20,max20,plus7_then_trail3_max20
9629,2026-07-02,2026-07-03,2026-07-22,4.456076134699849,12,trail3,plus7_then_trail3_max20
9842,2020-04-28,2020-04-30,2020-05-13,5.749019607843131,6,trail3,plus7_then_trail3_max20
