code,signal_date,entry_date,ret10,atr14_pct,dd60_pct,ma25_slope5_pct,avg_turnover20,vol_ratio20,gc_gap_pct,gc_runner_score
1518,2019-02-08,2019-02-12,-5.273698264352477,2.6455026455026442,-18.04635761589404,0.9832756632064621,100287625.0,3.2048481431893454,0.8394963022186896,0
167A,2026-05-28,2026-05-29,-1.2631578947368438,2.4639211545230553,-17.652173913043477,0.31946540834422166,764184135.0,2.0625840581009593,1.0853528492338116,1
1860,2020-04-30,2020-05-01,2.698412698412689,3.151927437641724,-16.886543535620056,1.3348164627363657,362391810.0,1.0484453470882655,0.18079679731388687,0
1879,2019-10-07,2019-10-08,8.07692307692307,3.1807317521603236,-15.359477124183007,0.25233939648827697,50643925.0,0.8169463214638221,0.36706869428422273,3
1899,2024-09-24,2024-09-25,-3.392857142857142,2.630221763795771,-16.060606060606062,1.0155872177374459,33347800.0,0.8239095315024233,0.3903660602489367,1
1930,2022-01-05,2022-01-06,-10.497237569060768,2.4855537720706264,-16.0377358490566,1.2779280812713845,16412154.4,0.9647188533627343,0.31180203887575253,1
1938,2021-11-15,2021-11-16,-13.890634820867376,3.156358328772122,-15.35135135135135,0.2537739057635324,14851145.0,1.3374805598755832,0.6263048016701633,3
2002,2019-10-15,2019-10-16,5.528846153846145,1.9348127600554783,-17.600000000000005,0.47906352101665384,1619390145.0,1.1475420010302433,0.07381104372805591,0
2060,2019-10-10,2019-10-11,3.0864197530864113,2.7777777777777777,-16.06217616580311,0.49862877088007185,66525840.0,0.460415084168484,0.09923096005952647,1
2148,2018-03-23,2018-03-26,-21.251475796930343,3.7459898093979995,-15.324384787472034,1.1179462912575433,29219255.0,10.404165633523432,0.4387247733255384,3
2148,2022-03-01,2022-03-02,-2.487562189054726,4.120712114633088,-19.005416051206304,0.45701300340865725,188264320.0,1.222279525528623,0.3619363595234404,1
2157,2023-03-02,2023-03-03,-0.9533898305084776,2.2154316271963332,-17.036379769299025,1.086764446015187,374875260.0,0.7359402460456942,0.49383795122803775,0
2307,2024-09-24,2024-09-25,1.7632241813602123,4.114189756507137,-18.9795918367347,0.6942296456679209,38711205.0,2.3774100500986792,0.139936516604644,2
2326,2018-09-25,2018-09-26,-6.003752345215762,2.65171858216971,-17.519379844961236,0.2558635394456221,536796675.0,0.9821812449242823,0.03480143845946415,1
2327,2020-05-21,2020-05-22,6.638418079096042,3.188054882970137,-15.714285714285714,1.2266035362876293,911210360.0,0.9252242672936666,0.578828894670691,1
2413,2024-03-25,2024-03-26,-2.1423470602237593,2.5078688191694587,-15.815715995213397,0.9358224346803778,6132132452.5,0.7662655068961493,0.17664470543303779,0
2492,2024-03-22,2024-03-25,-7.469879518072286,4.634146341463414,-17.338709677419352,0.9491457688080684,624158690.0,0.5329929249307588,0.20783847980996306,1
2579,2022-01-17,2022-01-18,-1.753104455807164,2.1889400921658986,-15.958102279728891,0.5421579664632192,627963500.0,0.5758004122109398,0.09723900167957211,0
2585,2024-04-26,2024-04-30,9.82318271119842,3.845668894212585,-16.63545150501673,1.565153119319218,534157124.0,1.69598971013827,0.5998918227860361,1
2593,2022-02-08,2022-02-09,1.3782542113323082,2.6286601597160604,-16.795865633074936,0.425230333097093,761408150.0,1.4109650739057447,0.5004170141784892,1
2681,2024-04-12,2024-04-15,0.05027652086475598,2.359566581123467,-19.807923169267706,0.29403054533145845,588092790.0,1.4249809472847854,0.8478687279859898,1
2742,2019-03-05,2019-03-06,1.2628624883068262,1.8627775936360624,-16.569879984514134,0.6114383714860949,72530570.0,0.23767082590612001,0.3761209516045305,0
2767,2021-06-28,2021-06-29,11.752577319587632,3.021413904370783,-17.45762711864407,0.9161082364916417,50923435.0,1.0367719760817364,0.4034630579137666,1
2809,2020-04-10,2020-04-13,8.215158924205369,5.069458843043749,-15.390912812116254,0.3039151421250219,1532296580.0,0.3859797185921696,0.3247782002534949,3
2874,2026-08-20,2026-08-21,0.5535055350553542,4.05112366933894,-17.180952380952384,0.5546394843351843,490843395.0,0.5334257014201593,0.560897435897445,1
2875,2024-08-01,2024-08-02,-0.2597402597402598,3.1903365169269895,-15.531824006834682,0.34081297576993297,6270541155.0,2.65481472223958,0.6714598570306984,2
2884,2025-09-03,2025-09-04,3.0973451327433565,2.2914032869785084,-17.367458866544794,1.2590252707581184,122535600.0,0.673775875428951,0.38326128615358,0
2929,2022-11-11,2022-11-14,1.6030534351145098,3.4399649430324275,-17.31135066582118,0.7278907201949458,384482050.0,1.2804777458840608,0.07003469900996873,0
3002,2018-09-19,2018-09-20,-4.521739130434788,3.0964717493214904,-18.450704225352112,0.6799736784382615,441384950.0,0.9948042073248005,1.3798111837327598,0
3036,2022-02-07,2022-02-08,3.9230199851961522,2.7853977632411904,-18.088324258923173,0.4106345352636209,272003165.0,0.8681420684938199,0.2238805970149249,1
3038,2020-11-02,2020-11-04,7.575233483223798,3.3918595371109332,-19.550561797752806,0.8224801812004578,7279567295.0,0.8094849371355365,0.5742688252060368,0
3038,2024-06-05,2024-06-06,-2.136143548846481,1.7199514366653175,-15.469348659003835,0.44719802487538374,2311467160.0,1.821912986166763,0.5773779158744219,2
3040,2024-09-25,2024-09-26,19.926538108356297,2.9017857142857144,-18.318318318318315,0.7480731449297284,22716650.0,3.24184846352334,0.3900097502437472,1
3092,2021-01-06,2021-01-07,10.15625,2.835473515248796,-16.172176697748895,0.4710884672298299,2915496960.0,1.6019674376614887,0.8370853025345459,0
3101,2026-05-08,2026-05-11,7.8083989501312345,2.948669560294395,-17.984832069339106,1.1546437979933932,785838765.0,1.0697228403049968,0.7369645924530488,0
3106,2025-11-13,2025-11-14,8.789625360230557,2.73621643779463,-15.103532277710109,0.3193248560186879,359732900.0,0.6950716669939132,0.09662934121525968,2
3107,2020-10-23,2020-10-26,-0.44709388971684305,2.1439184886436,-15.664160401002503,0.6956309494752455,632968250.0,1.402975691533948,0.2908738334747252,1
3110,2024-09-18,2024-09-19,9.498207885304666,5.506493506493506,-17.910447761194025,1.5797101449275486,2321712100.0,0.970563882255529,0.4422884862320009,1
3132,2024-09-12,2024-09-13,5.4330708661417315,3.3150058642920652,-18.323153803442537,1.5687797006456838,1407020490.0,1.0874187473422028,0.19282840620808983,0
3153,2026-05-14,2026-05-15,-10.257234726688102,2.840749414519906,-16.093535075653364,0.6602681007973787,115131480.0,1.2287581699346406,0.3279685784942643,0
3154,2024-09-19,2024-09-20,6.4009661835748854,2.3119392684610074,-16.194331983805665,0.8454601352736235,12943300.0,1.2662829445622539,0.8841014176109052,1
3183,2025-05-26,2025-05-27,1.610429447852768,3.0066572083378804,-16.25079974408189,1.0231372061201727,30745955.0,0.6309549015456278,0.10774203478527422,1
3393,2019-02-06,2019-02-07,-4.597701149425292,3.62420830401126,-18.691588785046733,0.7665174331841218,18382005.0,0.3150373497888925,0.8078088185796028,2
3393,2023-02-13,2023-02-14,33.52769679300292,3.785576126001658,-16.207455429497564,1.3489831682764741,184018295.0,5.579982324348211,0.22921023001447605,1
3415,2018-03-30,2018-04-02,-17.12744436952124,3.1207598371777476,-19.89130434782609,0.3335899409802279,392832750.0,0.6908612328050913,0.19892014776925482,1
3445,2018-03-16,2018-03-19,-7.7762619372442,7.4120361468948275,-15.855039637599088,2.156677939790419,1040128200.0,1.327024647887324,0.1031151633561267,1
3561,2024-02-06,2024-02-07,12.408272181454304,3.5165569233705507,-18.597063621533437,0.5864291444220182,967472080.0,1.6818081604415487,1.2567719935098864,0
3580,2019-02-12,2019-02-13,4.645161290322575,2.3963133640553,-16.306695464362853,0.933403251179854,27235930.0,1.118134569462003,0.11429758935992407,1
3660,2024-12-09,2024-12-10,3.7694013303769314,3.1587301587301586,-19.49910554561717,0.3030024791111918,651542090.0,0.9752164403995203,0.7414866349322535,1
3663,2017-05-24,2017-05-25,6.457242582897038,3.517252875479245,-17.99043062200957,1.5532553439088437,172039124.0,0.7348356288724891,0.6417138101154629,0
3663,2021-03-31,2021-04-01,17.653846153846153,4.011532810290815,-16.347402597402606,1.0812150635053586,271328912.0,5.373039198328671,1.379975140153733,1
3678,2026-07-02,2026-07-03,-1.1312217194570096,1.8182805036908378,-18.815545959284396,0.6756128552390939,64841670.0,1.5396952686447474,0.09235031553023187,1
3762,2022-02-25,2022-02-28,5.545826036193802,3.8423070511751964,-16.18581907090465,0.6082632947174593,397062655.0,1.9508235666772251,0.08278561035572896,1
3765,2017-01-24,2017-01-25,-0.7905138339920903,2.657142857142857,-19.614147909967848,0.2899484536082575,1509140595.0,0.3999462711421804,0.06424670735625249,1
3835,2024-09-18,2024-09-19,0.1602564102564097,2.8755463538072235,-15.39509536784741,1.424809237625757,40026780.0,0.5736224028906955,0.8322237017310163,2
3836,2022-03-02,2022-03-03,-1.475694444444442,4.325431301973439,-15.615835777126097,1.2493414615789789,140004225.0,0.6408459166099251,1.4829406080428154,2
3837,2026-05-12,2026-05-13,-4.545454545454541,2.5345622119815667,-18.42105263157895,0.8443102573008954,146538080.0,2.409501089098641,0.6411784966748879,0
3843,2018-09-20,2018-09-21,-10.407239819004522,4.870723426482111,-19.91215226939971,1.4107818411096984,216520585.0,0.703134367730641,1.1502292686718096,1
3854,2024-02-15,2024-02-16,18.222891566265066,2.3882224645583423,-17.402269861286257,0.4653182777019538,132915375.0,1.4489571899012075,0.1976162539368831,0
3863,2020-04-28,2020-04-30,0.25510204081633514,2.1062864549578744,-17.26541554959785,1.3361202243623804,622047175.0,0.5589402356388499,0.14098848594032987,0
3864,2025-07-28,2025-07-29,3.4482758620689724,1.880284824210058,-16.62337662337663,0.780949942388931,122744635.0,0.5693506493506494,0.26041666666667407,0
3915,2019-07-04,2019-07-05,24.371859296482402,2.8933092224231465,-17.493472584856395,0.5190496575342429,30732645.0,1.8683229813664597,1.0247537929198858,1
3922,2020-12-24,2020-12-25,26.512968299711815,4.838039867109634,-15.061728395061724,0.5145691258524376,555491125.0,0.9370442030063998,0.3207302781718324,2
3963,2024-05-30,2024-05-31,-11.383537653239928,4.097744360902256,-17.391304347826086,0.34944670937682165,58843325.0,1.4206581948517432,0.36999419616945417,3
3993,2026-07-31,2026-08-03,5.075784279168127,3.798246962940181,-17.422222222222217,0.5866119547470738,809124700.0,1.0917837347927632,0.018673599839114097,1
4022,2018-08-14,2018-08-15,-6.848828956706887,3.8930868988052687,-18.306569343065693,0.5039638416773684,219032410.0,0.9699146834306241,0.6034482758620952,1
4022,2024-09-19,2024-09-20,1.645338208409508,3.2315454062665956,-18.60816944024206,0.6707914726782782,140548930.0,0.6547399483585393,0.0471597651139799,0
4045,2018-04-02,2018-04-03,2.991107518189162,2.1736649931538112,-15.633423180592986,0.5099077002517216,356638005.0,0.35155023890070797,0.17980991523247614,1
4063,2018-04-16,2018-04-17,1.4148790506617992,2.3124592302674496,-16.348357524828117,0.3941265971292962,13569512550.0,0.7921029206899167,0.07121206588027729,1
4082,2020-12-07,2020-12-08,14.383561643835607,2.9778393351800556,-15.555555555555555,0.3444061770914164,44756800.0,1.4357478528601524,0.005535872453510393,3
4118,2019-10-15,2019-10-16,1.836158192090398,2.4907369287772747,-15.365853658536588,1.553386501606946,1059690275.0,1.053347805660408,0.15823712125653255,1
4180,2022-06-28,2022-06-29,4.1816009557944955,6.25499920012798,-17.314814814814817,1.3437794416621296,543120475.0,1.167288352392405,0.8904980917898042,1
4183,2020-05-25,2020-05-26,20.67796610169492,4.472630173564753,-17.290480065093572,0.5298495389095548,2303093390.0,0.856394913986537,0.4727419030376101,1
4183,2024-09-19,2024-09-20,-1.2057465366854814,2.9571984435797662,-15.05068312031732,2.5626879556911453,3766300035.0,0.8831192623201091,0.24680680511754982,1
4194,2022-03-02,2022-03-03,-17.410714285714292,6.343825665859565,-17.979610750695084,1.6781836130306038,1703458900.0,0.9237593838354294,0.6067961165048485,1
4206,2019-01-08,2019-01-09,-1.9021739130434812,3.8633709614636045,-17.620650953984285,0.5340453938584844,675724200.0,0.8279464921769875,0.26560424966799445,1
4221,2018-04-02,2018-04-03,-0.3454231433506094,2.93691080493111,-15.57142857142857,0.250556792873069,54004950.0,0.604133545310016,0.805331852263258,3
4228,2018-04-02,2018-04-03,3.263598326359829,2.473435655253837,-19.65471447543161,0.31225337130700304,126492815.0,0.7437259571350064,1.200656769514974,1
4246,2020-08-11,2020-08-12,4.933586337760909,4.484425349087004,-17.901234567901238,0.6124161073825629,76242525.0,1.9520492987129698,2.6432085383140125,1
4331,2018-12-04,2018-12-05,2.3834196891191706,6.2283986175115205,-17.091516924362725,0.48063689682187327,394008605.0,0.5404178019981835,1.1041807147673666,1
4345,2020-04-28,2020-04-30,15.081967213114744,4.011741682974559,-19.55922865013774,0.8503140799754894,25776265.0,2.113022113022113,1.29130269654385,2
4373,2024-09-25,2024-09-26,-1.2120205877469648,2.8533478807428683,-15.025395033860045,0.7692410155313523,442026770.0,0.5798458149779736,0.23264575057997394,1
4385,2021-01-04,2021-01-05,10.103092783505163,2.9549102582810445,-15.893470790378005,0.8503401360544283,5201463525.0,1.5907649045798256,1.3801366823466665,0
4410,2021-03-11,2021-03-12,5.937499999999996,2.055712796067332,-15.803336259877089,0.5299304731219312,20754210.0,1.029011786038078,0.05060515329144977,1
4461,2024-09-27,2024-09-30,3.5825545171339623,3.055862221240892,-17.051282051282048,0.4645076872751064,193975375.0,1.0958015885881018,1.1656681427455018,0
4480,2024-09-26,2024-09-27,4.86486486486486,5.032692688725975,-19.079685746352414,1.4858225300420358,1880926925.0,0.7167985530183134,0.968268782081183,1
4483,2022-06-24,2022-06-27,16.387959866220726,4.92966286684453,-19.535519125683066,1.3098569651741165,1754002525.0,2.1350775511420355,2.014195281028197,1
4547,2020-05-07,2020-05-08,-6.185958254269453,2.6352021147703493,-16.72552166934189,0.3201143709597343,213495390.0,1.235071715777471,0.1502524861364929,1
4552,2022-11-01,2022-11-02,-5.326876513317192,4.097690578377273,-15.272727272727272,0.32840410789878316,1055316850.0,1.1093879756270824,0.7057443426928156,3
4587,2018-06-11,2018-06-12,-4.347826086956519,3.3402922755741122,-16.695652173913047,0.6540538167771448,4772714850.0,0.6312224658916684,0.0436109899694781,0
4612,2022-03-18,2022-03-22,5.706267539756782,4.932765277592864,-17.840735068912707,2.4271642907609747,5546912580.0,3.106600220116306,0.385473726922303,1
4631,2019-07-17,2019-07-18,1.392272885485557,1.6582072635884293,-15.35766423357664,0.591013205893165,965163550.0,1.1698224852071006,0.001405599910042632,1
4668,2017-12-26,2017-12-27,-5.964653902798234,1.7355982274741506,-15.109717868338556,0.9547693144393632,132004305.0,0.6490274744807273,0.18555651991740696,1
4686,2018-01-10,2018-01-11,-4.4036697247706424,2.172362363011478,-15.593869731800769,0.4485706406838652,471094640.0,0.9155607751027598,0.36786910448580734,2
4763,2024-09-25,2024-09-26,-1.0060362173038184,2.0408163265306123,-18.39080459770115,0.621083873804551,68069945.0,0.8220064724919094,0.46703446768996404,1
4826,2019-10-16,2019-10-17,14.758380496299539,2.2255834053586865,-16.941852117731514,0.283468401099074,33695024.4,0.7212547857231073,0.05202462498916649,2
4911,2022-06-29,2022-06-30,2.04231830726771,2.340103772846974,-15.02791563275434,0.7800640283768923,10918439495.0,1.7263081651430026,0.27665095746585155,1
4911,2025-06-05,2025-06-06,1.4435146443514624,3.3290105809189776,-18.014208389715836,0.33973248201040196,7300988460.0,1.0994704943350682,0.24330279287785306,1
4914,2019-06-24,2019-06-25,-2.4350649350649345,2.134646962233169,-15.650969529085867,0.43480011272596375,61652510.0,0.22549019607843138,0.16568458465278102,3
4922,2019-07-18,2019-07-19,-7.255864702673209,1.9178082191780823,-16.437728937728934,0.45873602636616884,4122510650.0,1.640069175368315,0.08423479340309292,0
4980,2018-05-21,2018-05-22,-4.220696669209256,3.702954269526508,-17.435679353604083,0.32009037845979194,791395267.5,0.6287194764671415,0.28778778778777436,2
5110,2022-01-12,2022-01-13,-1.1627906976744207,1.871310507674144,-18.955123911587414,0.7560160653413694,1423827165.0,0.672191260264964,0.3249254681271685,0
5202,2020-08-12,2020-08-13,-0.7109004739336511,4.507628294036061,-15.746421267893663,1.0627104377104235,475552815.0,0.8287965934986663,1.0411244143675225,2
5393,2026-09-01,2026-09-02,-3.031194820482641,3.1789867109634553,-15.333497415702679,0.30981551894100345,2040523900.0,0.6858117521890753,0.10412279470259911,2
5408,2019-02-22,2019-02-25,-5.2208835341365445,3.1394009216589867,-17.05685618729097,0.8362712142329976,38477525.0,0.7711693548387096,0.21139930075615432,1
5411,2025-06-16,2025-06-17,-1.8026004728132428,1.4986491050320838,-15.7580283793876,0.46007151370679455,3848312120.0,1.1324840541415484,0.16491469520443225,1
5445,2019-02-22,2019-02-25,-1.0160020320040597,2.819264069264069,-15.798426536253462,0.31439777975768024,19679794.5,0.4953745150701283,0.8636707025746926,2
5451,2022-06-30,2022-07-01,2.759234534935473,1.884039583861966,-16.685164631890505,0.32343953824982563,129086910.0,1.0269287384189107,0.33486516333585126,1
5461,2024-09-20,2024-09-24,6.655909640984259,2.6580086580086584,-18.852459016393443,0.5348046101511184,68438000.0,1.0806145347833593,0.20537683281989239,1
5480,2024-09-19,2024-09-20,0.6472491909385036,2.60596546310832,-16.51376146788991,1.2261204996326436,392058800.0,1.2228306893242251,0.5307807467223036,0
5541,2017-07-31,2017-08-01,-8.389261744966447,1.6409266409266408,-18.681318681318682,1.0102407971215088,568505150.0,1.189186400454006,0.35621317988765444,0
5541,2019-06-26,2019-06-27,1.3458950201884257,2.516488442082346,-19.777058612010066,0.3491271820448949,411475875.0,1.0023463657694234,0.1306972976953258,1
5702,2022-04-20,2022-04-21,-18.256997455470735,3.063814358230602,-16.833773087071236,1.1125319693094715,657693750.0,0.7369223508912042,0.16441128114328407,0
5706,2019-07-19,2019-07-22,-9.668721109399081,2.984743411927878,-17.73162939297125,0.6796981948998804,2072281160.0,0.9977657392954428,0.38893895555660585,0
5707,2022-02-04,2022-02-07,10.212588578574412,4.3291847793723575,-19.57760643647335,1.1269619692894306,1165179455.0,0.6648845586186254,0.6666217763113602,1
5711,2021-07-28,2021-07-29,4.680664916885391,2.112235970503687,-16.38624725676664,0.3676932183021675,1176759645.0,0.7607457472660997,0.13760320240179258,1
5711,2025-05-27,2025-05-28,-1.784140969162995,1.8999146460974299,-15.501121914734483,0.4386990057354323,1777195995.0,0.5831424760274835,0.052807761845929946,2
5714,2026-05-07,2026-05-08,4.365278474661305,3.1717825229198096,-16.754015215553675,0.8702275299929951,3536037905.0,1.4403774782356755,0.2181830317846467,0
5852,2020-05-27,2020-05-28,3.4031413612565453,3.8082607048124295,-18.043478260869563,0.7266629401900371,23921200.0,0.8943027918589695,0.11098779134295356,2
5901,2018-03-27,2018-03-28,5.462724935732655,2.316480748470673,-16.15628299894404,0.26933236649919756,1512387320.0,1.166866257293551,0.31509892039878196,1
5902,2019-01-08,2019-01-09,-3.302961275626426,3.7762634866553095,-18.885306310456006,1.098901098901095,41366060.0,0.8485099337748344,1.1216466234967637,2
5911,2020-04-30,2020-05-01,4.875463698993121,3.132766021537767,-16.90757774857643,1.6154844290657389,199663385.0,1.580968436826824,0.20856832740971942,0
5943,2020-04-30,2020-05-01,-2.622673434856171,4.217800548075777,-15.563380281690142,1.8832060262592876,71050655.0,0.9212959241096551,1.5236318407960248,3
5957,2024-09-25,2024-09-26,-3.716216216216217,2.3363348746653685,-16.500711237553347,0.6232091690544506,37712855.0,1.9733214099411283,1.1959849078094997,1
5975,2026-05-14,2026-05-15,4.261036468330137,2.390271176963936,-15.257048092868985,0.3906958342262845,224918715.0,1.9234097793163132,0.5451738973365261,2
5988,2019-02-14,2019-02-15,-0.3824904377390581,2.788856659415035,-16.08093716719915,0.790865855613565,89907095.0,1.395582329317269,0.6008659538746963,0
6027,2023-11-29,2023-11-30,-5.010893246187365,4.951560818083961,-18.365553602811946,1.5069124423963132,1748318650.0,0.7125157306140454,0.7400009079765901,1
6036,2023-02-20,2023-02-21,29.103448275862064,3.0655179322781008,-16.216216216216218,0.5707225229465873,680682975.0,1.496383363471971,0.3042181009770051,0
6070,2022-05-10,2022-05-11,29.193433261955736,3.8615446178471386,-15.050565139797744,0.89181205061033,145580145.0,0.7008300611362394,0.1878349262471657,2
6135,2024-09-25,2024-09-26,5.423728813559325,2.6354679802955667,-19.444444444444443,0.5408097915035937,613298750.0,1.0960658737419946,0.29018331092078853,0
6143,2019-10-15,2019-10-16,14.850299401197598,2.622836160167861,-17.641129032258064,1.1729447630858258,222714935.0,1.9933718798476943,0.995914198161385,0
6184,2020-09-17,2020-09-18,-4.846686449060334,4.63821892393321,-19.078415521422798,1.7895204262877495,335059085.0,2.8971227489132683,1.055708240631681,1
6184,2026-05-13,2026-05-14,-2.748414376321351,1.7440097057931454,-18.08695652173913,0.2795899347623365,68534975.0,0.8474342150701015,0.1182832037850634,2
6191,2022-03-03,2022-03-04,12.06896551724137,8.760786193672098,-19.241192411924125,2.6773452266021236,3055968665.0,0.8024983342742776,0.3218031571140978,1
6200,2021-09-27,2021-09-28,2.304147465437789,3.4990791896869244,-15.056707078607745,2.333046269474681,391886760.0,1.1352859891077574,0.25055466299439555,1
6237,2019-10-21,2019-10-23,3.736479842674534,1.8086759926522538,-16.926869350862773,0.7942386831275794,22649840.0,0.9690677049534934,0.5389294900583819,1
6240,2022-04-19,2022-04-20,-6.111111111111112,2.7410964385754304,-18.678815489749432,1.7560400707130386,142107845.0,1.1455465985057018,0.6485985638174707,0
6240,2024-09-19,2024-09-20,11.612903225806459,4.3919974992185065,-16.757741347905288,0.7982583454281711,206691105.0,1.2780785932557766,0.2519798416126706,1
6258,2026-07-15,2026-07-16,-8.267973856209155,4.343132751492881,-15.258855585831066,2.023466782552008,803223910.0,0.7613671040585902,0.7440832734339597,2
6272,2018-08-27,2018-08-28,-7.576517812343198,4.4039210033155545,-15.371477369769426,0.9745363093367043,268161055.0,0.5770229177482756,0.2179327521793395,2
6272,2019-10-18,2019-10-21,2.986932171748591,2.170605084138919,-15.151515151515149,0.995524000617376,84968065.0,1.0712966383450313,0.16301164004992597,1
6272,2020-04-30,2020-05-01,5.655737704918029,3.084548104956268,-18.496340652029275,1.7516583747926973,84275895.0,1.7410091998884862,0.4380156870734453,0
6282,2019-07-29,2019-07-30,-1.0276172125883054,2.059037900874636,-15.471698113207545,0.5074982871932754,65695550.0,0.6189555125725339,0.15400540281249597,2
6294,2019-02-14,2019-02-15,-3.3864541832669293,2.972668357283742,-15.687361419068734,0.9003389830508413,52637215.0,0.8003393665158371,0.12900798236892275,2
6298,2024-09-24,2024-09-25,2.4646280237334617,3.7946428571428577,-17.8265723855601,1.671684980252608,246774565.0,1.895297699594046,0.16153535508933725,1
6310,2026-05-01,2026-05-07,9.52112676056338,2.5244164873365333,-19.156908665105387,0.9962792519338182,196047450.0,1.0124756004413138,1.2748733609636798,0
6323,2018-12-03,2018-12-04,-18.782791185729263,3.837505621346123,-19.305673158340387,0.5287948809100662,116116160.0,0.613020873748739,0.7492375016576069,1
6323,2022-03-23,2022-03-24,1.3761467889908285,4.826604554865424,-17.427075542258784,0.2648181322532972,1597329650.0,0.7373622196883315,2.326575001942044,2
6324,2020-04-28,2020-04-30,11.895161290322577,4.5875672444710105,-15.097690941385434,2.2958631145765684,1467301825.0,0.9091055678281762,0.3599407156468448,2
6330,2020-09-11,2020-09-14,1.1695906432748648,4.148845166809239,-16.500000000000004,0.30750307503075724,49225815.0,1.1335607452112306,0.06131207847945852,3
6330,2022-11-24,2022-11-25,-8.92561983471074,2.369106846718787,-15.42776998597476,0.6276294916890857,66071655.0,0.6636074832333215,0.7196710075394019,2
6330,2024-09-24,2024-09-25,7.531380753138084,3.1579996015142457,-19.34758155230596,0.9719774910475598,118599670.0,0.9213051823416507,0.6530060797117931,0
6331,2024-09-19,2024-09-20,0.6951915914921836,2.638770179007813,-18.15862068965517,0.7229985561005625,120288363.0,0.9267179925862561,0.5157949177192478,0
6349,2024-09-19,2024-09-20,1.038062283737018,2.022150323544052,-18.291814946619223,1.3082231167337532,66982120.0,0.8579856721449641,0.16673761884491434,1
6351,2024-09-19,2024-09-20,9.553349875930529,3.5444404462036707,-18.9795918367347,1.559507523939807,71989775.0,2.422037422037422,1.0237068965517349,1
6367,2024-09-25,2024-09-26,4.100529100529093,2.8188504701243553,-19.314775160599574,0.38017696733170236,21418787450.0,1.5853155678471913,1.102694731197218,1
6371,2019-06-25,2019-06-26,2.947145504279547,2.8189223057644104,-17.09090909090909,0.6873517942536767,271554811.5,0.5825001552505744,0.9488112246897717,0
6376,2021-10-11,2021-10-12,5.4247697031729825,2.102973168963017,-15.955631399317404,1.4538558786346245,275586880.0,0.6030964109781843,0.2907580477673921,0
6387,2021-04-28,2021-04-30,-9.852941176470587,2.804621848739496,-16.152897657213316,1.1746374205921173,284799625.0,0.2998537298878596,0.16585712593293334,0
6395,2025-06-02,2025-06-03,0.31023784901758056,1.862938338432573,-18.111298482293414,0.8639666330127804,253265295.0,1.1457689932056825,0.13373590850165318,0
6430,2024-09-19,2024-09-20,0.14184397163119478,3.5508439687114035,-15.776699029126217,1.1513452246018074,281642675.0,0.6238487044086946,0.5543760320830371,2
6440,2019-02-14,2019-02-15,-2.1909233176838794,5.043306654972042,-19.06832298136646,1.4705374710897834,395903235.0,2.0845714285714285,1.5478822929069658,1
6459,2019-02-05,2019-02-06,9.905254091300609,2.6439048440774067,-16.014492753623188,0.3171056898850555,32577500.0,0.8984175599795814,0.54240454039296,2
6460,2021-07-08,2021-07-09,1.5277777777777724,1.7978951471448061,-16.132723112128144,0.9358436395759728,1712497455.0,0.6178854796052207,0.14222027732953002,0
6516,2019-07-24,2019-07-25,-7.038948850305015,3.0482958082341334,-16.040974840997357,0.9954053838892696,350159575.5,1.1428918442946499,0.3851167033109393,0
6517,2019-02-08,2019-02-12,3.158650394831297,2.588895820336868,-18.408551068883604,1.3840127665748048,33233115.0,1.0994544691565253,0.13737049968518544,1
6533,2017-05-23,2017-05-24,3.718439173680177,3.221954425942155,-17.206349206349202,0.6309089090090536,29939732.0,0.9424989191526156,0.06400019883556762,1
6533,2021-06-14,2021-06-15,2.106693849813124,3.2549114722289594,-15.007215007215002,0.32825939417444605,191618350.0,0.7193578264896573,0.019327406262070745,2
6572,2021-06-29,2021-06-30,1.187335092348274,3.0120481927710845,-15.688487584650112,0.8536652530704458,140480340.0,1.7195753360179906,0.043687199650488395,1
6572,2024-10-21,2024-10-22,-3.791469194312791,3.30188679245283,-17.50972762645915,0.3316426063207256,32515725.0,0.7163515016685206,0.7194244604316502,2
6586,2020-04-30,2020-05-01,1.4450867052023142,2.9322240259740258,-18.32946635730859,2.4620465299684646,2049744550.0,1.1622311337951148,1.3830426939266394,0
6586,2025-05-29,2025-05-30,-1.619797525309341,3.1159902417387446,-17.493138151875577,1.3536598952724077,4927476005.0,0.8088084335306037,0.507484015169557,0
6590,2019-02-06,2019-02-07,-2.2240872849349613,3.007202881152462,-17.159763313609467,0.9953767595915153,58439520.0,0.7652596416641361,0.008540438978554832,1
6590,2023-11-09,2023-11-10,-4.679144385026735,4.224376731301939,-19.117235198566064,0.2639895676411763,2288211800.0,1.4226069402174744,0.5594647594878266,2
6594,2020-04-30,2020-05-01,-1.4801110083256241,3.7384664333439392,-15.596970836242551,1.676303860653583,10957156675.0,1.8832728259589437,2.6442834412919947,2
6619,2018-11-01,2018-11-02,9.622302158273378,5.9048483277158414,-17.638266068759346,0.46576433121019445,559066400.0,1.498864631944072,1.6166739311328504,1
6619,2022-02-01,2022-02-02,12.485939257592804,6.46762121705174,-15.41425818882466,2.4229920353133094,2453331140.0,0.5062267271972076,0.03747599194265927,2
6619,2022-04-15,2022-04-18,1.5200868621064068,5.018674136321195,-15.77981651376147,0.506012024048097,2189391030.0,2.9893805343460538,2.213249588754307,2
6644,2020-04-30,2020-05-01,-3.689320388349515,4.022988505747127,-18.437499999999996,1.6676020203639785,65380195.0,0.5606834998855748,1.4509896695844127,2
6652,2019-06-24,2019-06-25,5.926670015067814,3.4348950847944817,-15.940803382663848,0.3627718226722143,200487565.0,0.9886895475819033,0.32061754615257954,1
6653,2020-05-25,2020-05-26,-1.151631477927062,3.896103896103896,-16.284779050736496,0.6137061029662494,70979000.0,0.796738185950137,2.3381904439172985,2
6702,2022-03-15,2022-03-16,8.709677419354843,3.688860159448395,-18.188548864758147,1.1697361871577883,10895141100.0,1.031690403400194,0.959409594095928,1
6707,2017-06-23,2017-06-26,18.47826086956521,2.5146559703795126,-16.425992779783392,0.2575107296137302,542310350.0,0.5224171539961013,0.1712328767123239,1
6727,2019-03-06,2019-03-07,-6.066945606694563,2.4455711303310466,-15.221238938053094,0.5542291950886735,388538410.0,0.5119352989105833,0.22894937674891036,1
6727,2019-07-23,2019-07-24,0.0,2.6235158942933743,-17.47787610619469,1.1517387901151643,258855680.0,0.8579443731761986,0.04421843908910539,0
6727,2024-09-26,2024-09-27,-1.980198019801982,2.8734460974118603,-16.64684898929846,0.587177950868778,366619865.0,1.3443035206647715,0.07147962830593713,0
6741,2018-12-03,2018-12-04,-9.589041095890416,1.7997198879551823,-15.4228855721393,0.3323589476634803,141189845.0,0.8293392977597899,0.13569604086844933,2
6754,2017-09-19,2017-09-20,4.772727272727262,2.6032460228185763,-16.993464052287578,0.37216752249493723,764375585.0,2.031147843288461,0.8636064958227774,1
6788,2017-03-15,2017-03-16,-4.893350062735258,1.8237082066869303,-17.628865979381448,0.3981287946650758,189235325.0,0.45018135267761894,0.05452562704471031,1
6794,2020-08-17,2020-08-18,3.7070524412296635,3.7194337194337193,-15.845337376800606,0.526508226691047,83954760.0,1.585318235064428,0.05819451516695384,1
6806,2020-04-28,2020-04-30,4.195205479452047,2.9437609841827768,-18.77230549607424,1.2453620366628781,1212093000.0,0.7974626189397372,0.6349782293178619,0
6857,2018-11-26,2018-11-27,-9.407906093561191,4.761489817258378,-15.306273062730636,0.4011810538075755,14576975670.0,0.5667489187623043,0.7290673140842419,3
6857,2024-06-14,2024-06-17,18.287079580959386,3.275582024905252,-18.74175098988121,1.18697221995685,53351056200.0,1.3510380234170993,0.0241790126170649,0
6859,2019-10-18,2019-10-21,2.0576131687242816,2.3772379466607236,-15.916047223436813,0.5758034590859662,186687205.0,0.7673642705489839,0.6339984309069013,0
6859,2024-09-25,2024-09-26,1.604891096675587,2.3088863019014356,-19.089481946624808,0.34914500073077726,146119835.0,1.396723526431346,0.8107583260510642,1
6908,2024-09-27,2024-09-30,-0.07843137254901489,2.05124047348792,-17.919254658385096,0.3426728482160968,424663605.0,0.7406517495119387,0.10971350866890717,1
6920,2025-09-10,2025-09-11,20.29474976972674,2.8562585665649736,-17.34458940905602,1.2524668825054652,107792081275.0,0.6359238066127565,0.5885500267522659,0
6923,2019-07-25,2019-07-26,-6.5241029358463205,1.9564547601930782,-16.330827067669173,1.2604144413586926,1398370090.0,1.283629229075944,1.0247136829415249,0
6925,2020-05-20,2020-05-21,13.912375096079943,4.200341491178144,-15.145368492224476,1.774838396293399,1455493120.0,3.6884048706594297,1.0720317203906315,2
6947,2024-09-19,2024-09-20,2.3415977961432466,2.876984126984127,-16.570104287369634,1.09082285985298,143965500.0,2.1807372175980975,0.3694581280788256,0
6958,2019-07-03,2019-07-04,-9.31297709923664,3.538154392191659,-18.891687657430733,0.4452806522420971,163004650.0,0.6100764555969418,0.5869130869130768,1
6958,2022-03-18,2022-03-22,-4.487179487179482,4.889663182346109,-16.326530612244895,0.7185548317775847,302761565.0,0.8578376319618739,0.813441792238967,1
6976,2020-04-28,2020-04-30,-1.1589403973509937,3.9844509232264333,-17.183098591549296,1.8050071592832007,9371433730.0,1.5023210854803872,0.13638494651153632,1
6981,2019-07-26,2019-07-29,-5.925279111831849,2.3853525886421845,-18.643812960457073,0.6773397475165588,22213790343.0,0.6301537409419099,0.29156401494079276,0
7095,2023-06-07,2023-06-08,23.253082795067527,3.8332635106828654,-15.844027640671277,1.4601026938894757,877113950.0,0.904821240295217,0.07675149305639284,1
7186,2017-05-26,2017-05-29,2.8037383177569986,2.7652370203160297,-15.377268385864372,0.7980280388229843,2187381126.5,0.9192980851066391,0.04126673595405972,1
7201,2026-05-15,2026-05-18,5.333333333333323,3.443809523809524,-19.146183699870633,0.812487357561853,10894854744.0,1.8948594555549236,0.591913854797177,0
7211,2019-06-28,2019-07-01,-4.206500956022941,2.1594684385382057,-19.751166407465004,1.0288065843621297,2069672105.0,0.8152032100041848,0.07049976500077548,0
7220,2019-07-01,2019-07-02,-4.005524861878451,2.9658922392486406,-19.632925472747498,0.7361385118223929,300130160.0,0.9452462772050401,0.6986057116132205,0
7231,2019-10-11,2019-10-15,11.242603550295849,2.3964285714285714,-16.001679966400673,1.2993193056503927,140147635.0,0.8206281177545142,0.26347501072281343,0
7238,2025-06-02,2025-06-03,0.990099009900991,2.6610644257703084,-15.702479338842979,0.7205764611689425,77446430.0,0.7046011083902565,0.556438791732905,1
7239,2019-07-24,2019-07-25,-11.65730337078652,2.1573731104214637,-18.17660550458715,1.3425980449888186,93270025.0,0.6780415430267063,0.33410807669960185,0
7241,2020-05-25,2020-05-26,12.145748987854255,4.291593180482069,-18.999999999999993,0.9481080165918865,146685355.0,0.5433818456585302,0.5870020964360512,1
7246,2020-05-27,2020-05-28,9.818181818181815,3.3333333333333335,-17.177914110429448,0.7167291089754002,87471145.0,1.0651896037494675,1.3262170467410739,0
7259,2026-04-30,2026-05-01,-4.0597859018380085,3.275065300381756,-15.256257449344456,0.27597187209766894,6539188847.5,2.995237977570133,0.9729462718427673,2
7272,2021-09-02,2021-09-03,11.729258581728175,2.810304449648711,-16.54296700348744,0.6278755783926782,7960112947.5,0.6513893622961517,0.4259587328053538,0
7278,2019-07-24,2019-07-25,-15.35144458818456,2.0975790057290706,-15.764620414093711,0.6217653824036828,244689470.0,1.6872011769032733,0.35896703218201154,1
7327,2020-04-28,2020-04-30,-6.644770085901975,3.5686635944700438,-17.60578354241974,1.7808383103249614,145478595.0,0.6279936136242682,0.14429243266353975,1
7419,2025-12-16,2025-12-17,2.751504729148757,2.1704475781729,-15.149308084486524,0.6242109692804032,723633330.0,1.1088364121119787,0.4739666829302269,1
7466,2020-12-08,2020-12-09,-0.07745933384972759,3.0533509700176364,-15.294117647058824,0.7012185620344669,72021355.0,0.2022890604205483,0.05570685813320875,2
7476,2021-12-14,2021-12-15,0.8742434431741719,2.46901719665674,-17.890668139149646,0.5802019759708843,490982000.0,1.1796087729697688,0.4326412886724196,0
7545,2021-02-09,2021-02-10,-9.15584415584415,2.239082161361954,-16.495402920497572,0.6672815059946879,1197900095.0,1.0624716678305828,1.1263203276568268,0
7554,2018-02-02,2018-02-05,3.0203185063152116,2.008326266286331,-18.22594880847308,0.34138598360478056,146142545.0,0.6751269035532995,0.11701989338188667,1
7600,2018-01-26,2018-01-29,3.4115138592750505,1.650725084850355,-16.35049683830172,0.7616212903790442,97863215.0,0.7582625118035883,0.5212858384014085,0
7715,2020-04-30,2020-05-01,20.74263764404609,3.5216367915987687,-19.159836065573764,1.0265982267848806,38441500.0,1.0599636583888552,0.12830382345394575,1
7721,2017-12-27,2017-12-28,0.6437768240343367,1.6588879870129871,-16.09058402860548,0.4464932881041328,216956575.0,1.5059048834982445,0.34637032760860276,1
7733,2020-05-21,2020-05-22,16.20437956204379,3.4689695550351285,-19.052132701421797,0.9396234212989407,7641292847.5,0.6569724159655393,0.800818882466281,0
7734,2019-02-07,2019-02-08,11.294352823588216,2.9169598874032374,-17.176662586699308,0.8946896483012834,42521645.0,0.48861480075901326,0.16984634830350398,1
7745,2019-07-25,2019-07-26,-10.847880299251866,2.7357494722026745,-18.71871871871872,0.7009701833697424,134451010.0,0.8410882579574418,0.45397225725094525,0
7868,2024-04-15,2024-04-16,4.748201438848931,3.5869340500310107,-15.83434835566383,1.0083725478213124,424677660.0,0.8801635360820766,1.373426911907072,1
7874,2026-07-01,2026-07-02,2.896995708154515,1.9619865113427344,-19.516407599309147,0.3357753357753346,89932665.0,0.8023099927812726,0.30857490547178124,1
7956,2021-04-15,2021-04-16,-8.937198067632846,2.710843373493976,-17.495029821073558,0.33714453239519493,1929913325.0,1.4583846409182897,0.14609203798392478,1
7981,2020-05-01,2020-05-07,-0.9646302250803873,2.8178662769455607,-17.029177718832887,0.40650406504065817,91285540.0,0.86941431670282,0.08298337817789214,1
7995,2026-08-31,2026-09-01,-6.736526946107779,3.566153196876978,-17.1358629130967,0.6546939756141512,586524400.0,0.8693105266240994,0.399809046425581,1
8043,2019-02-12,2019-02-13,-2.6813186813186785,3.0376696402147707,-15.260188087774296,1.0704750390408524,80653038.0,1.1871708951651507,1.4217359882373604,1
8050,2020-05-26,2020-05-27,8.04851157662625,3.948609146628949,-16.41379310344827,0.46480900360994504,402777225.0,1.6968557758031442,0.3757632691404389,1
8065,2019-02-04,2019-02-05,2.1739130434782705,2.620593692022264,-15.462031107044826,0.5578862804605844,12380890.0,1.1319367879456081,0.017753317651236777,2
8074,2020-04-30,2020-05-01,-0.10309278350515427,3.0510798765855327,-18.405594405594407,1.644925810203035,133629250.0,0.7659022068368672,0.2756909504445515,0
8081,2024-09-25,2024-09-26,5.321354526606781,2.3990522262809755,-17.21967963386728,0.6147140182737765,113017770.0,1.793881041363147,0.19717292898997485,0
8150,2018-07-31,2018-08-01,-7.208588957055218,1.8067442030575669,-18.692756036636137,0.2707524399202521,64922680.0,0.9810544867087678,0.5463222673420809,2
8167,2018-08-30,2018-08-31,-6.967741935483874,2.858043028175353,-16.1648177496038,0.8854041656665812,41131765.0,3.899834284662125,0.24055618705225434,1
8203,2020-12-17,2020-12-18,-9.3491124260355,2.6880811496196113,-15.415415415415412,0.5563689604685118,137526000.0,0.8586815897945062,0.8542030673655665,1
8219,2023-01-30,2023-01-31,-0.6695681285570854,2.231992696170295,-15.129888666856983,0.288271469360879,212568052.5,0.9756397637795275,0.35861917928219356,2
8303,2022-07-11,2022-07-12,-0.24950099800399306,2.3704327091661406,-15.582262743472853,0.41348985437088537,1304441210.0,0.8492614289958634,0.19484563003435706,2
8360,2021-06-07,2021-06-08,-2.530120481927711,1.6892471274223977,-19.51690821256039,0.3031615417929734,32968050.0,0.8735167886897248,0.07676069852236012,2
8381,2023-05-08,2023-05-09,5.452127659574457,1.6761904761904762,-15.158371040723983,0.5258964143426414,219448135.0,1.484298034877893,0.005284295075025369,1
8418,2021-02-04,2021-02-05,8.225806451612904,1.643899050706182,-18.169761273209552,0.4392094230385224,269835805.0,0.8670161790405322,0.04637911614655543,1
8570,2020-10-02,2020-10-05,7.317073170731714,2.758919543550484,-16.820857863751048,0.7480664384430069,1076631220.0,2.1671627670351348,0.5327628156724495,0
8609,2024-09-24,2024-09-25,-1.834862385321101,2.656794425087108,-18.509316770186334,0.7108118219229409,287094705.0,1.4172575640465548,0.6376919266963821,0
8614,2023-12-12,2023-12-13,-5.245901639344264,3.1437817845584832,-16.935483870967737,0.3616878767582099,57341210.0,1.9927725987221117,0.04004271222637357,2
8628,2019-06-10,2019-06-11,-2.3121387283236983,1.6616105901820186,-15.081967213114755,0.5558817772558289,888146430.0,0.7859388895024092,0.3425857437614255,1
8698,2019-06-17,2019-06-18,5.965909090909083,2.938775510204082,-17.061611374407583,0.8397312859884876,1220070545.0,1.5389774330237753,0.8803235783963803,0
8715,2025-04-16,2025-04-17,15.869980879541101,4.599567099567099,-19.512195121951216,0.27805669267013666,289036965.0,0.5127977721411214,0.24647616113377957,2
8725,2020-04-28,2020-04-30,-7.0529205718072525,2.2452961672473855,-18.888976814117274,1.8675119063461532,3898568389.5,0.7852229753006615,0.15913985305293643,0
8795,2024-09-19,2024-09-20,4.209284028324145,3.360838920405708,-18.208661417322837,1.2946104345769927,4818938127.5,1.1224690142980343,0.306802170958842,0
8804,2023-02-24,2023-02-27,1.7177914110429349,1.6446208112874778,-16.49484536082474,0.6650083760596948,1324725045.0,1.8509357688276689,0.17650025214321907,0
8923,2020-10-02,2020-10-05,11.064278187565858,3.228754188242461,-18.998272884283253,0.6737927879216343,205477440.0,1.6456115448308493,0.2891964470150832,0
9008,2023-12-27,2023-12-28,5.865986552283786,1.820244672454616,-15.288611544461773,0.9714119293894541,4884732155.0,0.41003981609802237,0.035356401834829576,1
9022,2020-12-07,2020-12-08,-5.024424284717377,3.3391608391608396,-16.520723876240517,0.932749884845685,14394831450.0,0.48759505186445035,0.5347974900171026,0
9107,2018-08-21,2018-08-22,2.997275204359684,3.5714285714285707,-15.209857527916826,0.751177218028265,1386011106.0,0.43963736917637997,0.4766497273637871,2
9201,2022-01-26,2022-01-27,13.836772983114454,2.562550443906376,-19.23954372623574,0.30085241517634476,9455304290.0,0.7071410889954434,0.020366975874397397,1
9216,2026-08-12,2026-08-13,4.308252427184467,1.6210124826629682,-17.517517517517522,0.7546226886556928,47452825.0,0.8089734874235214,0.29264421407666497,1
9267,2024-12-17,2024-12-18,-1.5923566878980888,2.4888392857142856,-16.33986928104575,0.5192640553881578,146792875.0,1.3702466874932673,0.15943877551021224,0
9274,2024-09-24,2024-09-25,2.0378457059679667,2.2693997071742316,-17.71084337349398,0.810150711860369,112017620.0,0.8952340708098155,0.011818235537441879,0
9302,2021-12-07,2021-12-08,-2.215930075095407,2.18876920360233,-15.729166666666671,0.6840469031563101,202843584.0,1.008071540560943,0.0770662110295861,1
9404,2019-10-18,2019-10-21,1.1355571327182457,1.8299464159336771,-15.540944411237302,0.5393835616438469,817129295.0,0.668497774257153,0.4286241448806294,1
9416,2021-06-01,2021-06-02,15.174363807728565,3.6862003780718333,-16.88923802042419,0.2919883204671958,366870300.0,1.3213352843838464,0.0039881949429609875,2
9416,2025-02-26,2025-02-27,0.9442060085836923,3.7264437689969605,-18.34607366226546,0.3014553014553112,1199268360.0,0.7517602938925455,0.39036860469132684,2
9438,2020-05-07,2020-05-08,2.397260273972601,3.830944142362827,-18.36158192090396,1.5534262485482175,37172490.0,1.1096793754263625,0.03573981415294636,2
9470,2018-05-02,2018-05-07,3.258655804480659,2.32536443148688,-18.6046511627907,0.961231849516575,72337974.0,0.4410751206064783,0.12470817310668014,0
9629,2022-01-14,2022-01-17,-8.338296605122098,3.7578016643550627,-17.600000000000005,1.6333757262911197,59347090.0,1.5697112063009535,0.1570320934340952,2
9629,2024-09-24,2024-09-25,1.9417475728155331,3.5473437930085323,-16.7935871743487,0.963199809346027,44248390.0,1.082320568676909,0.48585703607537667,2
9629,2026-07-02,2026-07-03,5.270863836017559,2.612987012987013,-19.87179487179487,1.4548214681046279,77635590.0,1.9444906099385075,1.2656254870787809,0
9672,2022-06-27,2022-06-28,3.9897039897039965,2.2493573264781492,-16.523605150214593,1.1127835716589596,518024325.0,0.8223876240513719,1.1218033919931925,0
9692,2026-04-07,2026-04-08,-1.7023346303501996,2.533532041728763,-18.170731707317078,0.376176823440888,281403645.0,0.3519932145886344,0.76168868000972,1
9699,2019-02-15,2019-02-18,0.1474926253687281,2.9815529815529818,-19.759036144578314,0.37390943082675765,302949900.0,0.9323308270676691,0.047303689687794304,1
9739,2020-09-10,2020-09-11,7.852314092563706,2.798925212718316,-17.854077253218883,0.45885910939618135,61937025.0,0.8779878144039994,0.010380982040913977,1
9740,2026-07-06,2026-07-07,2.4193548387096753,1.869871660004208,-16.941896024464832,0.5439599058765898,53113315.0,0.7686622320768662,0.4984650922464251,1
9755,2020-04-28,2020-04-30,1.6380655226209129,3.3523050654524758,-16.277518345563713,1.4975041597337757,72475075.0,0.6562922868741543,0.42622950819672933,0
9766,2022-08-22,2022-08-23,-3.8666666666666627,2.942857142857143,-16.481069042316253,0.3167615161602022,4255647550.0,0.9062039045553145,0.42815092320043213,1
9842,2020-04-28,2020-04-30,9.313725490196067,3.2972511038313628,-19.112903225806456,2.160493827160481,54494820.0,1.1016949152542372,0.4221330132847756,1
9956,2019-07-25,2019-07-26,-19.780701754385966,2.092791840288575,-15.3023598820059,0.4504028994686715,261451885.0,0.5066736916051985,0.036781448138145656,2
9983,2021-04-30,2021-05-06,-6.447778883832111,2.1935467227458405,-18.110617881681524,0.5037851037851038,56961430131.0,0.8275764838573241,0.0004184589533551275,0
